l,r,Description,1,2,3,4,5,6,7,8,9,10,11,12,13,14,15,16,17,18,19,20,21,22,23,24,25,26,27,28,29,30,31,32,33,34,35,36,37,38,39,40,41,42,43,44,45,46,47,48,49,50,51,52,53,54,55,56,57,58,59,60,61,62,63,64,65,66,67,68,69,70,71,72,73,74,75,76,77,78,79,80,81,82,83,84,85,86,87,88,89,90,91,92,93,94,95,96,97,98,99,100,101,102,103,104,105,106,107,108,109,110,111,112,113,114,115,116,117,118,119,120,121,122,123,124,125,126,127,128,129,130,131,132,133,134,135,136,137,138,139,140,141,142,143,144,145,146,147,148,149,150,151,152,153,154,155,156,157,158,159,160,161,162,163,164,165,166,167,168,169,170,171,172,173,174,175,176,177,178,179,180,181,182,183,184,185,186,187,188,189,190,191,192,193,194,195,196,197,198,199,200
10000,15000,岗位职责：？ 1、根据ui设计图将页面用小程序代码实现；？ 2、跟后端工程师协作完成页面的渲染和展示；？ 3、分析前端性能，发现问题并进行调优。任职要求：？ 1、本科以上学历，计算机相关专业毕业，1年以上微信小程序开发经验，工作踏实认真；？ 2、熟悉html5特性，了解html5最新规范，能够熟练运用html5特性构建pc端和移动端页面；？ 3、熟悉web前端的性能优化技巧，了解浏览器兼容以及自适应布局；？ 4、熟悉vuejs、angularjs、sencha touch、zeptojs、backbone、prototype等html5框架中的至少一种，有成熟的微信小程序项目经验者优先。,0,1,1,0,1,0,0,0,0,0,0,0,0,0,0,0,0,1,1,0,0,0,0,0,1,0,0,0,0,0,0,0,0,0,1,0,0,0,0,0,0,0,0,1,1,1,1,1,0,1,0,0,0,0,1,0,1,0,0,0,0,0,1,0,0,0,1,1,1,0,1,1,1,0,0,0,0,0,1,0,0,0,1,0,0,0,0,0,0,0,0,1,0,0,0,0,0,0,1,0,1,1,0,1,1,0,0,0,0,0,1,0,0,0,0,1,0,0,0,0,0,0,0,0,0,0,0,0,0,0,1,1,0,0,0,1,0,0,0,0,0,1,1,0,0,1,0,0,0,0,0,1,0,1,1,1,0,0,0,0,0,1,0,0,0,0,0,0,1,1,0,1,0,0,0,1,1,1,0,1,0,0,0,0,0,0,0,1,0,0,0,0,1,0,0,0,1,1,0,0
8000,15000,岗位职责：1）负责微信小程序的开发工作，熟悉微信平台接口及微信小程序功能研发；2）配合后端完成接口调试、独立开发微信小程序公用模块以及相关业务需求；3）根据业务需求，设计并实现技术解决方案；4）ui+web前端二合一者优先。岗位要求：核心技术：1、精通掌握前端开发技术（html、html5、css、css3、js），可熟练编写各种静态页面，做各种动态效果，代码合理、清晰、规范。2、熟练掌握vue技术栈、小程序技术栈、react技术栈，jquery。3、熟练掌握微信公众号和小程序开发。4、熟练掌握es5/es6原生js代码、dom结构，能够使用原生代码开发页面功能。5、熟练掌握html5各种特征，基本绘图，svg/canvas，能够完成各种丰富复杂的动静态网页布局。6、熟练掌握使用ajax与后端进行交互，渲染界面，并能进行调试。7、熟练掌握less/sass等css 预处理语言8、熟悉w3c标准，熟悉各主流浏览器和移动设备兼容性，能快速定位和解决各种兼容问题。有开发微信小程序，h5游戏的优先？？上班时间：9:00-18:00福利津贴：1、五险一金？？？？？？？？？？？？？？？ 2、全勤奖？？？？？？？？？？？？？？？ 3、绩效奖金？？？？？？？？？？？？？？？？？？？？？？？ 4、年底双薪？？？？？？？？？？？？？？？？？？？？？？？ 5、带薪假？？？？？？？？？？？？？？？？？？？？？？？ 6、每年多次调薪机会？？？？？？？？？？？？？？？？？？？？？？？ 7、每日享有下午茶福利？？？？？？？？？？？？？？？？？？？？？？？ 8、每年不定期公司旅游,1,0,0,0,0,0,0,1,1,0,1,1,1,0,0,1,0,1,1,0,0,0,0,1,1,0,0,1,0,0,0,0,0,0,0,0,1,1,0,0,1,0,0,1,1,0,1,0,1,1,0,0,0,0,0,0,0,0,0,1,1,0,0,0,1,0,1,0,0,0,0,1,0,0,0,1,0,1,1,1,0,1,0,0,0,1,1,1,0,0,0,1,0,0,0,0,1,0,1,1,1,1,0,0,1,0,1,0,1,0,1,1,0,0,0,0,0,0,0,1,0,0,0,0,0,0,1,0,0,0,0,0,0,0,1,1,1,0,0,0,0,1,1,0,1,0,1,0,0,0,1,1,1,1,1,1,0,0,1,0,0,0,1,0,1,0,0,0,1,0,0,1,1,1,0,0,0,0,1,1,0,0,0,1,1,1,0,1,0,0,1,0,1,1,0,0,1,0,0,0
10000,15000,"岗位职责：1、进行web前端/服务端设计与开发，参与项目的编程、调试和模块测试工作；2、负责公司研发工具类的开发工作；3、根据项目需求，能够独立按时完成网站开发任务。任职要求：1. 大学专科及以上学历，计算机专业优先；2. 熟练掌握java语言, 2年以上java设计开发的生产经验；3. 熟练使用 node.js/javascript，对常用框架和 node.js 的events/stream/net 等内部模块有实战经验；4. 熟练使用mysql、mongodb等数据库系统；5. 熟悉html、html5、div和css等技术，熟练编写网页代码和掌握js浏览器兼容性；6. 熟练使用git、svn等版本控制软件；7. 有优秀的代码设计能力，熟悉主要设计模式。",0,0,0,0,0,0,0,1,0,1,0,0,0,0,0,0,0,1,1,0,1,1,1,0,1,0,0,0,0,0,1,1,0,0,0,0,0,0,0,0,0,0,1,0,0,0,0,0,0,1,0,0,0,0,0,0,1,0,1,0,0,0,0,0,0,0,1,1,1,1,1,1,0,1,0,1,0,0,1,1,0,0,0,0,0,0,0,0,0,0,0,0,0,0,0,0,0,0,1,0,0,1,0,0,0,1,0,0,0,0,0,0,0,0,0,0,0,0,0,1,0,0,1,1,0,0,0,0,0,0,0,0,0,0,0,1,1,0,1,0,0,1,1,0,0,0,1,0,0,0,0,0,1,0,0,0,0,0,0,1,0,1,0,0,1,0,0,1,1,0,0,0,0,0,0,1,1,0,0,1,0,0,0,1,1,1,0,1,0,0,0,0,0,1,0,0,0,1,0,0
10000,14900,"岗位职责？？负责hcm产品前端开发工作 
 
 ？？？任职要求？？1、精通html5 的各类国际化开发技术规范？？2、熟练掌握java 基础知识，熟悉jsp、servlet、javabean、jdbc 等j2ee 方面的知识？？3、对struts、spring、hibernate 等开源框架有一定的了解，熟悉b/s 开发，熟悉tomcat、 

 weblogic 服务器？？4、熟悉oracle 数据库，掌握sql？？5、熟悉hr软件开发经验优先？6、工作积极主动认真踏实，具有强烈的责任心和良好的团队合作精神？？7、具有良好的学习素质，能够快速提高技术能力",0,0,0,0,0,0,0,0,0,0,0,0,0,0,0,0,1,1,1,0,0,1,0,0,1,0,1,0,0,0,0,0,0,0,0,0,0,0,0,1,0,1,1,0,0,0,0,0,0,1,0,0,0,1,0,0,0,0,0,0,0,0,1,0,0,0,0,0,0,0,1,1,0,0,0,0,0,0,0,0,0,0,0,0,0,1,0,0,1,1,0,0,0,0,1,1,0,1,0,0,0,1,0,0,0,0,0,0,1,1,0,1,0,0,0,0,0,0,0,1,0,1,1,1,0,0,0,1,0,1,0,0,0,0,0,0,0,0,0,0,0,0,0,0,0,0,0,0,0,0,0,0,0,0,0,0,0,1,1,0,0,1,0,0,0,0,0,1,1,0,1,1,0,0,0,0,0,0,0,0,0,0,0,0,0,1,0,0,0,0,0,0,0,0,0,0,0,0,0,0
13000,20000,岗位要求：1.熟悉基于javascript、css、html5的web2.0应用设计开发，2.具备框架级开发经验和开发思想的优先，3.熟悉node vue react angular2等开源框架的优先。任职资格：1、大专以上学历，3年以上开发经验，具有扎实的计算机基础理论知识；？2、较强的沟通能力、领悟能力和逻辑思维能力 ？3、工作认真，细心，有条理；积极性高，求知欲强,0,1,0,0,0,0,0,1,0,0,0,0,0,0,0,0,0,1,1,0,1,1,1,0,0,0,0,0,0,0,0,1,0,0,0,0,0,1,0,0,0,0,0,1,0,1,1,0,0,1,0,0,0,0,0,0,0,0,0,0,0,0,0,0,0,0,0,1,1,0,1,1,0,0,0,0,0,0,0,0,0,0,0,0,0,0,0,0,0,0,0,0,0,0,0,1,0,0,0,0,0,1,0,0,0,0,0,0,0,1,0,0,1,1,0,0,1,0,0,0,0,0,0,0,0,0,0,0,0,0,0,0,0,0,0,0,0,0,0,1,0,0,0,0,0,0,0,0,0,0,0,0,0,0,0,0,0,0,0,0,0,1,0,0,0,0,0,1,0,0,0,0,0,0,0,1,1,0,0,1,0,0,0,0,0,0,1,0,1,1,0,0,0,0,0,0,0,0,0,0
15000,25000,"岗位职责：1.负责公司产品前端的开发与维护工作。2.对现有的前端框架进行扩展，负责样式和脚本的模块设计与优化。3.web前端前沿技术的研究，并应用到项目中以改善用户体验。职位要求：1.计算机或相关专业本科以上学历，2年以上工作经验。2.精通javascript，html5，css3，熟悉div+css页面架构与布局。 
3.精通jquery，zepto常用框架。4.熟练使用grunt，gulp，webpack。5.熟悉react框架和es6语法。6.必须有线上产品经验。7.对前端技术有持续的热情，个性乐观开朗，逻辑性强。",0,0,0,0,0,0,0,1,1,1,0,1,1,1,1,0,0,1,1,0,1,1,1,1,0,0,0,0,0,0,0,0,0,1,0,0,1,1,0,0,0,0,0,1,0,1,0,0,0,1,1,0,0,0,0,0,1,1,0,0,0,0,0,0,0,0,0,1,1,0,0,0,1,0,1,1,0,0,0,0,0,0,0,0,0,0,0,0,0,0,0,0,0,0,0,0,0,0,0,0,0,1,0,0,1,1,0,0,0,0,0,0,0,0,1,0,0,0,0,0,0,0,0,0,0,0,0,0,0,0,1,0,1,0,0,0,1,0,0,0,0,0,0,0,0,0,0,0,0,1,0,1,0,0,0,0,0,0,1,0,0,1,0,1,0,0,1,0,0,0,0,0,0,0,0,1,1,0,0,1,0,0,0,0,0,1,0,1,1,0,0,0,0,0,0,0,1,1,0,0
10000,15000,"？ ？1.本科计算机专业毕业优先，？ 2、熟悉javascript/ css主流前端类库，框架，如vue，backbone，requirejs, web pack等;+3、熟悉es6/htmucss3等新技术，对页面重构精通者优先;",0,0,0,0,1,0,0,1,1,0,0,1,1,0,0,0,0,0,0,0,1,1,1,0,1,0,0,0,0,0,0,0,0,1,0,0,0,0,0,0,0,0,0,1,1,0,1,0,0,1,0,0,0,0,0,0,1,0,0,0,1,0,0,0,0,0,0,0,0,0,0,1,0,0,0,0,0,0,0,0,0,0,0,0,0,0,0,0,0,0,0,0,0,0,0,0,0,0,0,0,0,0,0,0,0,0,0,0,0,0,0,0,0,0,0,0,0,0,0,0,0,0,0,0,0,0,0,0,0,0,1,0,0,0,0,0,0,0,0,0,0,0,0,0,0,0,0,0,0,0,0,0,0,0,0,0,1,0,1,0,0,0,0,0,0,0,0,0,0,0,0,0,0,0,0,1,1,0,0,0,0,0,0,0,0,0,0,0,0,0,0,1,0,0,0,0,1,0,0,0
10000,18000,岗位职责1、负责前端界面的构建，各类交互设计与实现；2、前端样式的模块化设计和优化；3、对具体产品进行性能优化，提高web加载、执行和渲染时间；4、负责解决产品在不同浏览器、移动设备端机不同版本下的兼容问题；5、与后台开发人员配合完成项目，完成上级交待的其它任务。任职资格1、统招本科以上学历；2、2年以上前端开发经验，熟悉页面布局和美工，js熟练优先；3、熟悉html，javascript，jquery，ajax，angularjs，css+div等前端技术。4、具有良好的团队合作精神，沟通表达能力良好，思路清晰；,1,1,1,0,0,0,0,1,0,1,0,0,0,0,0,0,0,1,0,0,1,1,1,1,1,0,0,0,0,0,0,0,0,0,0,0,1,0,0,0,0,0,0,1,0,1,0,0,0,1,0,0,0,0,0,0,0,0,0,0,0,0,0,0,1,1,0,1,1,1,1,1,1,0,0,0,0,0,1,0,0,1,0,0,0,1,0,0,1,1,1,0,0,0,1,0,0,0,1,0,1,1,0,0,1,0,0,1,0,0,0,0,0,0,0,1,0,1,0,0,0,1,0,0,0,0,0,0,0,0,1,1,0,0,0,0,1,1,0,1,0,1,1,0,1,0,0,0,0,0,1,0,0,1,0,0,0,1,0,0,0,1,0,0,0,1,0,1,0,0,1,0,1,0,0,0,0,0,1,1,0,0,0,0,0,1,0,1,0,0,1,0,1,0,0,0,1,1,0,0
10000,15000,"岗位要求：1、有一定前端基础，二年以上互联网web项目经验2、熟悉css、html5、javacript、ajax、jsp等web开发技术3、熟悉java语言，熟悉spring，springmvc,mybatis,hibernate等java开源框架。4、熟练使用vue、jquery、angular、reactjs等开源前端库中一种5、熟悉boostrap、bui等ui组件6、熟练使用常用数据库mysql7、学习能力和领悟能力强，善于沟通，逻辑思维清晰8、对外包形式的工作方式认可优先条件：1、了解dom树，了解xpath2、熟悉前端页面布局，能持续优化高性能、功能清晰、易用的前端界面，提高现有页面的安全与用户体验3、能使用linux环境，理解常见的数据结构（表，树，图等）的存储形式和遍历算法，有大数据展示相关经验优先4、有运营管理系统的开发经验者优先5、有h5开发经验优先",1,1,0,0,0,0,0,1,0,0,1,0,0,0,0,1,0,1,1,0,1,1,0,1,1,0,1,0,1,1,1,0,0,0,0,0,1,1,1,1,0,1,1,1,1,1,1,0,0,1,0,0,0,1,1,0,0,0,0,0,0,0,1,1,0,0,0,1,0,0,0,1,1,0,1,1,0,0,0,0,0,0,0,0,0,0,1,0,0,0,0,0,0,1,0,1,0,1,0,0,0,1,0,0,1,1,0,0,1,1,0,0,0,1,0,1,0,0,0,0,0,1,1,1,0,1,0,0,0,0,0,0,0,0,0,0,0,0,0,1,0,0,0,0,1,0,0,1,1,1,1,1,0,0,0,0,0,0,0,1,1,1,1,0,0,0,0,1,0,0,0,0,0,0,0,0,0,0,0,0,0,0,0,1,0,0,0,0,1,1,0,0,0,0,0,0,1,1,0,0
9000,12000,"1）熟悉前端页面设计，根据需求产出产品原型图，根据视觉设计重构前端页面；2）维护现有产品，分析并给出前端优化的解决方案；3） 编写可复用的用户界面组件；4）协助后台程序员完成系统联调；1）本科以上学历，3年以上前端开发经验，javascript,jsp开发工作经验；2）熟悉jquery，angular,reactjs,vue等开源前端库中一种，熟悉boostrap、bui等ui组件,了解freemarker、velocity等后端模板引擎3）熟悉前端页面布局，能开发高性能、功能清晰前端界面，提高现有页面用户体验；4）熟悉spring，springmvc,mybatis,hibernate等java开源框架；熟悉一定后台数据库开发；5）学习能力和领悟力强，善于沟通、逻辑思维清晰；6）具备互联网金融行业开发经验优先；",0,1,0,0,0,0,0,0,0,0,0,0,0,0,0,0,0,0,0,0,1,1,1,1,1,0,1,0,1,1,0,0,0,0,0,0,1,1,1,1,0,1,0,1,1,1,1,0,0,0,0,0,0,1,1,0,0,0,0,0,0,0,1,1,0,0,0,1,1,0,0,1,1,0,1,0,0,0,0,0,0,0,1,0,0,1,1,0,0,0,1,1,0,1,0,0,0,1,1,0,0,0,0,0,1,0,0,0,0,1,0,0,0,1,0,1,0,0,0,0,0,1,1,1,0,0,1,0,0,0,1,0,0,0,0,1,0,0,0,1,0,0,0,0,1,0,0,0,0,1,1,0,0,0,1,0,0,0,0,1,1,1,0,1,0,0,0,1,0,0,0,0,1,1,0,0,0,0,0,1,0,0,0,0,0,0,0,0,1,1,0,1,0,1,0,0,1,0,0,0
15000,30000,岗位职责:岗位职责： 1、负责公司核心业务线，b端系统的架构设计和研发2、对现有的业务系统的维护、升级改造和性能优化；3、与团队其他角色紧密配合工作，共同创造稳定易用的产品； 岗位要求:1、2年以上的web后端开发经验，语言不限(php/python/nodejs)2、熟练使用mysql，良好的数据库设计和丰富的优化经验3、熟悉nosql技术(redis，memcached等）4、有web安全意识，熟悉常见的web安全问题以及防御措施5、熟悉linux web开发平台及工具，熟悉nginx服务器的配置优化工作6、了解web前端开发技术和常见的前端优化技巧7、有较强的学习能力，有良好沟通能力以及团队协作精神，能够承担工作压力,0,0,0,0,0,0,0,0,0,0,0,0,0,0,0,0,0,0,0,0,0,0,0,0,1,0,0,0,0,0,1,1,1,0,0,1,0,0,0,0,0,0,1,0,0,0,0,0,0,1,0,0,0,0,0,0,0,0,0,1,0,0,1,0,0,0,0,1,0,0,0,0,1,0,0,1,0,0,0,0,0,0,0,0,0,1,0,0,0,0,0,1,0,0,1,0,0,1,0,0,0,1,0,0,0,0,1,0,1,0,0,0,0,0,0,1,0,0,0,0,0,0,1,1,0,0,0,0,0,1,0,0,1,1,0,0,0,0,0,1,0,0,0,0,0,0,0,0,0,0,0,0,1,0,0,0,0,1,0,1,0,1,0,1,0,0,0,1,1,0,1,0,0,0,0,0,0,0,0,1,0,0,0,1,0,1,1,0,0,0,1,0,1,0,0,0,0,0,0,0
10000,14000,岗位职责项目1为华为蓝军团队打造的创新性项目，主要做语音智能处理方面的页面开发工作，需要对页面进行前端开发工作项目2为华为项目管理系统开发工作，致力打造部门级的系统，来管理整个部门项目运作流程，需要对系统的页面进行前端开发工作任职要求1、 有网络开发背景2、 三年效果开发经验3 、统招本科、3年及以上工作经验4、有核心网前端开发经验优先5、熟悉主流java web框架，熟悉各种常用设计模式； 6、精通常用网络协议tcp/ip协议，http协议等；7、会css、html、ajaxe等前端语言；8、会java开发技能；9、有项目管理类系统开发经验优先。,1,0,0,0,0,0,0,1,0,0,0,0,0,0,0,0,0,1,0,1,1,1,0,0,0,0,0,0,0,0,0,0,0,0,0,0,0,0,0,0,0,0,0,0,0,0,0,0,0,1,0,0,0,0,0,1,0,0,0,0,1,0,0,0,0,0,0,1,0,0,1,1,0,0,0,0,0,0,0,0,0,0,0,1,0,1,0,1,0,0,0,0,0,0,1,0,1,0,0,0,0,1,0,0,0,1,0,0,0,0,0,0,0,0,0,0,0,0,1,0,0,0,0,0,0,0,0,1,0,0,1,0,0,0,0,0,0,0,1,0,1,0,0,0,0,0,0,0,0,0,0,0,0,0,0,0,0,0,1,1,0,1,0,0,0,0,0,0,0,0,0,0,0,0,0,0,0,0,0,1,0,0,0,1,0,0,0,1,0,0,0,0,0,0,1,0,1,1,0,0
15000,20000,"岗位职责：1、利用angular、ionic等框架开发手机、电脑等多平台上的web前端应用；？2、配合产品经理和ui设计师，高效优质完成产品界面和功能的实现；3、负责产品的持续迭代工作;4、配合测试，完善产品功能，保证产品的上线质量。岗位要求：1、本科及以上学历，计算机相关专业；2、两年以上pc\手机网站开发经验,熟悉页面架构和布局，熟悉w3c标准，对html5、css3以及响应式交互有一定的了解；3、熟练掌握angular1或angular4（硬性指标），近一年内有相关项目经验者优先；4、熟练使用sass、less等；5、熟练掌握gulp，webpack等打包工具，能根据项目需求修改相关的配置；6、熟悉ionic1，ionic3、react、vue等前端开发技能优先；7、对web开发有强烈的兴趣，良好的逻辑思维能力和团队合作能力，有快速分析和解决问题的能力；8、工作积极主动，责任心强，工作踏实严谨。加分项：1、有完整的web app开发经验；2、熟悉app上架流程以及相关配置；3、熟悉android签名配置；4、能独立搭建gulp、webpack开发脚手架。",0,1,0,1,0,0,0,1,1,0,0,1,0,0,1,0,0,1,1,0,0,0,0,0,0,0,0,1,0,0,0,0,0,1,1,0,0,1,0,0,1,0,0,1,1,1,1,0,1,1,1,0,0,1,0,0,1,0,0,0,0,0,1,0,1,0,0,1,1,0,0,1,0,0,0,1,0,0,0,0,0,0,1,0,0,1,1,0,0,1,0,0,1,0,1,0,0,0,1,0,1,1,0,0,1,0,1,0,0,0,0,1,0,1,0,0,0,0,1,1,0,0,0,0,0,0,0,0,0,0,1,0,1,0,1,1,0,0,0,0,1,0,0,0,0,0,1,0,0,0,1,1,0,0,0,0,0,0,0,0,0,1,0,0,0,0,0,1,0,0,1,0,1,0,1,1,1,1,0,1,1,0,0,0,0,1,0,0,1,1,1,0,1,1,0,0,1,1,0,0
15000,20000,"岗位职责：1.？？ ？根据对公司产品的需求分析、方案设计等，进行页面设计和编写；2.？？ ？掌握系统整体风格的基线，设计并编写出风格统一，专业美观的前端页面；3.？？ ？帮助研发团队规范页面xhtml标准。职位要求：1.？？ ？精通css3.0和xhtml，熟悉html5、javascript、ajax、jquery等技术；2.？？ ？精通htmldom对象的javascript编程，精通div+css布局结构和排版；3.？？ ？了解代码执行效率,编写代码具备高度兼容性；4.？？ ？对非web前端的语言（如php/jsp）等有所了解；5.？？ ？熟悉用户体验设计和交互设计；6.？？ ？有团队协作精神，较强的逻辑分析能力、沟通表达能力。",1,0,0,0,0,0,0,1,1,1,1,0,0,0,0,0,0,1,1,0,1,1,1,1,1,0,1,0,0,0,0,0,0,0,0,1,1,0,0,0,0,0,0,1,0,0,0,0,0,1,0,1,0,0,0,0,1,0,0,0,0,0,1,0,1,0,1,0,0,0,0,0,0,0,1,0,0,0,1,1,0,0,1,0,0,0,0,0,0,0,0,0,0,0,1,0,0,0,0,0,0,1,0,0,1,0,0,0,0,0,0,0,0,0,0,0,0,1,0,1,0,0,0,0,0,0,1,0,0,0,0,0,0,0,1,1,0,0,0,1,0,0,0,0,0,0,0,0,0,1,0,0,1,0,0,0,0,1,1,1,0,0,1,0,0,0,1,1,0,0,0,1,0,0,0,0,0,0,0,1,0,0,0,1,0,0,1,1,1,0,0,0,0,1,0,0,1,0,0,1
8000,15000,"岗位职责：？1、 根据公司产品发展方向，负责/参与新产品的开发；？2、根据产品设计，利用html5相关技术开发手机、平板电脑等多平台上的前端应用；？3、编写可复用的用户界面组件；？4、配合服务器端开发人员进行应用及系统整合负责相关技术文档编写。？5、领导交办的其他工作。？职位要求：？1、计算机或相关专业大专以上学历，2年以上工作经验。？2、有开发过移动端web项目的优先考虑。？3、精通javascript，html5，css3等开发语言，熟悉div+css页面架构与布局。？4、熟悉各种浏览器的特性，能快速处理浏览器的兼容问题。？5、熟悉dom、ajax、json等常用技术，精通至少一种js框架 (jquery,bootstrap,angular,ionic)。？6、深刻理解web标准，对可用性、可访问性等相关知识有实际的了解和实践经验。？7、了解less或sass等预处理器，gulp、grunt、web pack等构建工具。？8、了解最新前端技术的设计和实现原理，并能灵活应用在工作中; 有良好的团队合作与沟通能力，主动性强，执行能力高。",1,1,0,0,0,1,1,1,1,1,1,1,0,1,1,0,0,1,1,0,1,1,1,1,1,1,0,1,0,0,0,0,0,1,0,0,1,0,0,0,1,0,0,1,0,1,0,0,0,1,0,0,0,0,1,0,1,0,0,0,0,0,1,0,0,1,0,1,1,0,0,1,0,0,0,0,0,0,1,0,0,1,0,0,0,0,0,1,0,1,0,0,0,0,1,0,1,0,0,0,1,1,0,0,1,1,1,1,0,0,0,1,0,0,1,0,0,1,0,0,0,0,0,0,1,0,0,0,0,1,0,1,1,0,1,1,0,0,0,1,0,1,1,0,0,1,0,0,1,1,1,1,0,1,0,0,0,0,1,1,1,1,0,0,0,0,1,1,0,1,1,0,0,0,0,1,1,0,0,1,0,1,0,1,0,1,0,1,0,0,1,0,1,0,0,0,1,1,0,0
15000,25000,工作职责：？1，负责公司前端的架构、设计、核心模块开发工作。？2，参与制定前端框架标准化的工作，为分公司前端团队制定前端编码规范与标准；？3，负责前端架构优化及疑难问题攻关，及web前沿技术研究和新技术调研。？任职资格：？1. 3年以上javascript开发和工作经验，掌握javascript面向对象编程方法；？2. 精通html5、css3等开发技术经验，掌握前端常用组件及控件，掌握各浏览器及移动终端的适配技术；？3. 精通http等网络通讯协议原理和机制，熟练使用vue、webpack等前端框架技术体系，掌握websocket技术； ？ 4，具备良好的面向对象开发思想以及组件化开发能力；,0,0,0,0,0,0,0,1,1,0,0,0,0,0,0,0,0,1,1,1,1,1,1,0,0,0,0,0,0,0,0,0,0,1,0,0,0,0,0,0,0,0,0,1,0,0,1,0,0,1,1,0,0,0,0,0,0,0,0,0,0,0,0,0,0,0,0,1,0,0,1,0,1,0,0,1,0,0,0,0,0,0,0,0,0,0,0,0,0,0,0,0,0,0,1,0,0,0,0,0,0,0,0,0,0,1,0,0,1,0,0,0,1,0,0,0,0,0,0,1,0,0,0,0,0,0,0,0,0,0,0,0,1,0,1,0,1,0,0,0,0,1,1,0,0,0,0,0,0,0,0,0,0,1,0,0,0,0,1,0,1,1,0,0,0,0,0,1,0,0,1,1,0,0,0,0,0,0,0,1,0,0,0,0,0,1,0,0,0,0,0,0,1,0,0,1,0,0,0,0
10000,20000,岗位职责:1.？ 负责公司web产品前段页面的设计与实现。2.？ 负责建造web公共组件库及引进新的web前端框架。3.？ 参与产品体验设计，并将ui设计及交互体验设计要求融入到web应用中。4.？ 参与框架选型及其他一些技术决策工作。任职要求：1.？ 3年以上前端开发经验，熟悉html5、css3、jquery、bootstrap等主流开发技术。2.？ 熟悉主流javascript框架（react、vue、angularjs等）至少精通其一，熟悉react优先。3.？ 熟悉grunt、gulp、webpack等构建工具。4.？ 熟悉node.js，有node经验优先。5.？ 思维开拓，良好的问题解决能力，抗压能力。6.？ 对技术的狂热追求，自信与专注。7.？ 有大型项目的前端架构设计经验，精通http协议，能根据项目需要合理设计缓存策略，并能熟练掌握主流的性能优化方法。8.？ 熟悉后台java开发者优先。？,0,1,1,0,0,1,1,1,1,0,0,0,0,1,1,0,0,1,1,1,1,1,1,1,1,0,0,0,0,0,0,1,0,1,0,0,1,1,0,0,0,0,0,1,1,1,1,0,0,1,1,0,0,0,0,0,0,0,0,0,1,0,0,0,1,0,0,1,0,0,1,1,1,0,1,0,0,0,0,0,0,0,0,0,0,1,0,0,0,0,1,0,0,0,0,0,0,0,0,0,1,1,0,0,0,0,0,0,1,0,0,0,0,1,0,1,0,0,0,1,0,0,0,0,0,0,0,0,0,0,0,1,1,1,0,1,0,0,0,0,0,0,0,0,0,0,0,0,0,0,0,0,0,0,0,0,0,0,1,0,1,1,0,0,0,0,0,1,0,1,1,0,1,0,0,0,0,0,0,1,0,0,0,0,0,1,0,0,0,0,0,0,1,0,1,0,1,1,0,0
10000,11800,岗位职责？ ？ 该项目主要做项目管理系统的开发，致力打造部门级的系统，来管理整个部门项目运作流程，需要对系统的页面进行系统设计、后端开发、前端开发、页面设计等工作，该岗位主要负责系统的web前端开发工作任职要求1、本科以上学历，计算机相关专业，5年以上java web开发经验2、精通java语言，精通html、css、js等常用web技术；3、对spring cloud及微服务有深入理解，有实际经验者优先4、熟练掌握oracle或mysql数据库；5、熟悉主流java开发框架struts、spring、hibernate、ibatis等；4、理解mvc、restful、soa、微服务、esb等主流架构思想；5、良好的沟通协调能力，团队合作精神和执行力，思路开阔，积极上进,0,0,0,0,0,0,0,1,0,0,0,1,0,0,0,0,0,1,0,0,0,1,0,0,1,0,0,0,1,1,1,0,0,0,0,0,0,0,0,1,0,1,1,0,0,1,0,0,0,1,0,0,0,0,0,0,1,0,0,0,1,0,0,0,0,0,0,1,1,0,1,1,0,0,0,0,0,0,0,0,0,0,0,0,0,1,0,0,0,1,0,1,0,0,1,0,0,0,0,0,0,1,0,0,0,1,0,0,0,0,0,0,1,0,0,0,0,1,0,1,0,0,1,1,0,0,0,0,0,0,1,0,1,0,0,0,0,0,0,1,1,0,0,1,0,0,0,0,1,0,0,1,0,0,0,0,0,1,1,1,0,1,0,0,0,0,0,1,0,0,1,0,0,0,0,1,1,1,0,1,0,0,0,1,0,1,0,1,0,0,0,0,0,0,1,0,1,1,0,0
7000,11000,岗位说明：1. 负责公司web网站系统的开发维护；2. 与app开发工程师配合进行后台管理系统的开发维护；3. 负责公司云平台的web系统软件开发维护；4. 负责研发部门安排的其他相关开发工作；5. 按照研发部门相关规范的要求编写和更新相关文档；6. 根据项目工作要求参加相关技术预研、评审等相关工作。任职要求：1. 计算机相关专业，本科以上学历，2年以上php开发经验2. 有扎实的编程功底，热爱编程；3. 精通lamp开发环境，熟悉常用web架构与开发模式；4. 熟悉mysql数据库、redis数据库；5. 熟悉linux系统操作与管理能力，能在linux下做开发工作；6. 熟悉web前端技能，html/javascript/css；7. 有独立完成工作的能力，有良好的团队精神，对软件开发有浓厚兴趣。,0,0,0,1,0,0,0,1,0,0,0,0,0,0,0,0,0,1,0,0,1,1,1,0,0,0,0,0,0,0,1,0,0,0,0,1,0,0,0,0,0,0,1,0,0,0,0,0,0,1,0,0,0,0,0,0,1,0,0,0,0,0,0,0,0,0,0,1,1,0,1,0,0,0,0,0,0,0,0,0,0,0,0,0,0,0,0,0,0,0,1,0,0,0,1,0,0,0,1,0,0,1,0,1,0,1,1,0,0,0,0,0,0,0,0,0,1,0,1,0,0,0,1,1,1,0,0,0,1,0,1,0,1,0,0,1,0,0,1,0,0,0,0,0,0,0,1,1,0,0,0,1,1,0,0,0,0,1,1,1,0,1,0,1,0,0,0,1,0,0,1,1,0,0,0,1,1,1,0,0,0,0,0,0,0,1,0,1,0,0,1,0,0,0,0,0,0,1,0,0
10000,20000,职责描述？1） 负责公司云平台系统的前端开发任务；2） 配合云平台服务端完成相关业务的通信及数据交互；3） 通过持续优化提升前端性能及客户体验；4） 对前端代码质量、交付结果负责；岗位要求1）3年以上h5/css/js开发经验，有独立承担前端开发任务的能力，熟练使用浏览器调试工具，代码能够兼顾浏览器标准及兼容性；2）对服务端通信及数据交互有一定的理解和实践经验，熟悉rest和ajax的调用方式；3）熟练使用vue.js、react、angularjs等任意一种js前端框架，在图形、报表等可视化、高性能web开发有经验者优先；4）具备良好的责任心、较强的学习能力、优秀的团队沟通与协作能力，愿意接受挑战；5）熟悉开源、有前端架构设计及分析经验者优先，具备前端ue设计和美工能力者优先考虑；,1,1,1,0,0,0,0,1,0,0,0,1,0,0,0,1,0,0,0,0,0,0,0,0,1,0,0,0,0,0,0,0,0,0,0,0,0,1,0,0,0,0,0,1,0,1,1,0,0,1,0,0,0,1,1,0,0,0,0,0,0,0,0,0,1,0,1,1,0,1,0,1,1,1,1,1,0,0,1,1,0,0,1,0,0,1,0,0,0,0,0,0,0,0,1,0,0,1,1,0,0,1,0,0,0,0,1,0,0,1,0,0,0,0,0,1,0,0,0,0,1,0,1,0,0,1,0,0,0,0,0,0,1,1,1,0,0,0,0,1,0,1,1,0,0,0,1,0,1,0,0,1,0,0,0,0,0,0,0,1,0,1,0,0,0,1,0,1,1,0,1,0,0,0,0,0,0,0,0,1,0,0,0,0,1,1,1,0,0,0,1,0,0,0,0,0,0,0,0,0
12000,16000,职位描述：负责公司web应用服务器及运营平台开发；招聘要求1、3年以上php开发经验；2、熟悉面向对象的设计方法；3、熟悉基于lamp/lnmp的web开发；4、熟悉mysql数据库设计，熟悉linux系统，精通web服务器优化；5、有并发系统开发经验者优先！6、具备良好的团队协同工作精神，有较强的快速理解，独立分析解决问题的能力。福利：办公环境舒适，五险一金，节假日礼品奖金，带薪年假，年终奖金，年度旅游，年度体检，不定时举行小活动出行。,0,0,0,0,0,0,0,0,0,0,0,0,0,0,0,0,0,0,0,0,0,0,0,0,0,0,0,0,0,0,1,0,0,0,0,1,0,0,0,0,0,0,1,0,0,0,0,0,0,1,0,0,0,0,0,0,0,0,0,0,0,0,0,0,0,0,0,1,0,0,0,1,1,0,0,0,0,0,0,0,0,0,1,0,0,0,0,0,0,0,0,0,0,0,1,0,0,0,0,0,0,0,0,0,0,0,1,0,0,0,0,1,0,0,0,0,0,0,0,0,1,0,1,1,0,0,0,0,0,1,0,0,0,0,0,0,0,0,0,0,0,0,0,0,0,0,1,1,1,0,0,0,0,0,0,0,0,1,1,1,0,1,0,0,0,0,1,1,0,0,1,0,1,0,1,0,0,0,0,1,0,0,0,0,0,1,1,0,0,0,0,0,1,0,0,1,0,0,0,0
10000,15000,1.熟练掌握javascript（es6）、html、css3/less语言2.熟悉react技术体系，熟练掌握基于react技术体系的web和中后台开发技术3.熟悉至少一种react组件库，如ant design4.熟悉掌握node、npm、webpack、eslint等前端工程化工具5、具有基于react的组件库或工具库开发经验者优先,0,0,0,0,0,0,0,1,1,0,0,1,1,0,0,0,0,1,0,0,1,1,1,0,0,0,0,1,0,0,0,1,0,1,0,0,0,1,0,0,0,0,0,0,0,0,0,0,0,1,1,0,0,0,1,0,0,0,0,0,0,0,0,0,0,0,0,0,0,0,0,1,0,0,0,0,0,0,0,0,0,0,0,0,0,0,0,0,0,0,1,0,0,0,0,0,0,0,0,0,0,0,1,0,0,0,0,0,1,0,0,0,0,0,0,0,0,0,0,1,0,0,0,0,0,0,0,0,0,0,0,0,0,0,0,0,0,0,0,0,0,0,0,0,0,0,0,0,0,0,0,0,0,0,0,0,0,0,0,0,1,1,0,0,0,0,0,0,0,1,0,0,0,0,0,0,0,0,0,0,0,0,0,1,0,0,0,0,0,0,0,0,0,0,0,0,0,0,0,0
4500,6000,岗位要求：1. 良好的职业素养，对测试工作具有极强的热诚，热爱游戏；2. 全日制统招专科以上学历，计算机及相关专业；3. 正直诚实、工作认真细致、有耐心、有责任感，能够承担较大的工作压力；4. 思维清晰敏捷，逻辑能力强，良好的口头和书面表达能力；5. 对软件研发流程有深刻的理解；并具有实际的操作能力；6. 具有体系化的软件测试规范思路；福利待遇：1、5天8小时工作制、双休，带薪年假，其他节假日按照国家法律规定；2、公司交纳五险一金，除了正常工资，还有提成+年底分红；3、公司组织聚餐、旅游、员工生日party、中西节日庆祝会、员工入职欢迎会等等；4、公司属于发展中阶段，个人晋升空间大；,0,0,0,0,0,0,0,0,0,0,0,0,0,0,0,0,0,0,0,0,0,0,0,0,0,0,0,0,0,0,0,0,0,0,0,0,0,0,0,0,0,0,0,0,0,0,0,0,0,0,0,0,0,0,0,0,1,0,1,0,0,0,0,0,0,0,0,1,1,0,0,0,0,0,0,0,0,0,0,0,0,0,0,0,0,0,0,0,0,0,0,0,0,0,0,0,0,0,0,0,0,1,0,0,0,0,0,0,0,0,0,0,0,1,0,0,0,0,0,0,0,0,0,0,0,0,0,0,0,0,0,0,0,0,0,0,0,0,0,0,1,0,0,0,1,0,0,0,1,0,0,1,1,0,0,0,0,0,0,0,0,0,0,0,0,0,0,1,1,0,1,1,0,0,0,1,1,0,0,0,0,0,0,0,0,0,0,0,1,0,0,0,0,0,0,0,0,0,0,0
10000,15000,岗位职责：？ 1、根据ui设计图将页面用代码实现；？ 2、跟后端工程师协作完成页面的渲染和展示；？ 3、分析前端性能，发现问题并进行调优。任职要求：？ 1、本科以上学历，1年以上前端开发经验，工作踏实认真；？ 2、熟悉html5特性，了解html5最新规范，能够熟练运用html5特性构建pc端和移动端页面；？ 3、熟悉web前端的性能优化技巧，了解浏览器兼容以及自适应布局；？ 4、熟悉bootstrap、weui、angularjs、sencha touch、zeptojs、backbone、prototype等html5框架中的至少一种；？ 5、熟悉了解小程序，做过类似相关的开发。,0,1,1,0,1,1,1,0,0,0,0,0,0,0,0,0,0,1,1,0,0,0,0,0,1,0,0,0,0,0,0,0,0,0,1,0,0,0,0,0,0,0,0,0,1,1,0,0,0,1,0,0,0,0,1,0,0,0,0,0,0,0,1,0,0,0,1,1,1,0,1,0,1,0,0,0,0,0,1,0,0,0,1,0,0,1,0,0,0,0,0,1,0,0,0,0,0,0,1,0,1,1,0,1,1,0,0,0,0,0,0,0,0,0,0,1,0,0,0,0,0,0,0,0,0,0,0,0,0,0,1,1,0,0,0,1,0,0,0,0,0,1,1,0,0,1,0,0,0,0,0,1,0,1,1,0,0,0,0,0,0,1,0,0,0,0,0,0,1,1,0,1,0,0,0,0,0,0,0,1,0,0,0,0,0,0,0,1,0,0,0,0,1,0,0,0,1,0,0,0
15000,20000,"岗位职责：工作内容1、负责前端页面的开发；2、根据ui设计师提供的设计图，实现web界面，优化代码并保持在各浏览器下的兼容性；？3、根据后台开发人员提供的接口，实现产品界面和功能。任职要求？1、3年以上相关工作经验；2、熟悉html、css，javascript、ajax、dom等前端技术，熟悉页面架构和布局；3、良好的js基础，对javascript 原型 闭包 事件 dom 有深入了解 ；4、熟练应用ajax/jquery等前端开发技术解决实际中问题，熟悉vue,对angular有了解；5、深刻理解web标准，对可用性、可访问性等相关知识有实际的了解和实践经验；6、对用户体验、交互操作流程及用户需求有深入理解；7、对css/javascript性能优化、解决多浏览器尤其是ie8兼容性问题有丰富经验者优先；8、良好的沟通能力以及团队协作能力，富有责任感，学习能力强，能承受一定的工作压力。简历发送—人事电话沟通—推荐用人部门—1~3轮用人部门面试（skype初试+复试）—发offer来菲安排：公司专人协助办理护照、签证—协助定机票—专车专人机场接机—安排住宿—入职。？海外工作的优势：1、提高英文水平：针对想出国工作，但英文不过关的候选人这是一个绝佳机会，除工作圈外，平常的生活，业余活动等，都需英文沟通，无形中就造了一个英文交流学习的语言环境。2、增加海外工作履历：拥有海外工作经验，后期回国针对国内就业公司背景的选择范围将会扩大。3、收入增长：每个招聘岗位薪资都至少高于国内50%以上的薪资标准（一般按照税后实际到手计算）。福利其它1、入职费用报销：公司协助候选人办理护照、签证以及入职机票预订，入职后相关费用凭有效发票都给予报销。2、公司安排住宿：公司提供给员工安排酒店公寓套房？宿舍（除公司客服服务部门外）其中家电包括：洗衣机，热水器、电冰箱等；卧室和客厅均有独立空调，公寓有游泳池与健身馆；宿舍楼处于当地市中心的繁华区，生活设施齐全、安全，周边有大型购物超市，购物方便，到公司办公大楼走路只需10-15分钟左右的走路路程。3、生活补贴：周边有很多中餐馆，除了固定底薪和免费包吃住之外.若是员工不住公司宿舍，按照职位级别补贴不等的住房补贴。4、假期：菲律宾海外工作公司一般全年有20-30个工作日的带薪休假，会将中国法定节假日集中到一起放长期假，所以一年有两次回国探亲假。并且公司全年报销往返4000左右机票费用。5、员工年薪发放为13-15个月（视岗位和公司盈利定）的月薪，若项目需要加班，审批后，则按照中国国家加班法规定，一般有加班费。",1,1,0,0,0,0,0,1,0,0,1,0,0,0,0,0,0,1,0,0,1,1,1,1,1,0,0,0,0,0,0,0,0,0,0,0,1,0,0,0,0,0,0,1,1,1,1,0,0,1,0,0,0,1,0,0,0,0,0,1,0,0,1,0,1,1,1,1,0,0,1,1,1,0,1,0,0,0,1,1,1,0,0,0,0,1,1,0,0,0,1,0,0,0,1,1,0,1,0,0,1,1,0,0,1,0,0,1,1,0,0,0,0,0,0,1,0,0,0,0,0,1,0,0,0,0,0,0,0,0,0,0,1,0,1,1,0,0,0,1,1,1,1,1,0,0,1,1,1,1,1,1,0,0,0,0,0,0,0,0,0,1,0,0,0,0,1,1,0,1,1,0,1,0,0,1,0,0,0,1,1,1,0,1,0,1,0,0,0,0,0,0,1,1,1,0,1,1,0,0
10000,15000,岗位职责：1.负责前端界面的构建，各类交互设计与实现；2.前端样式和脚本的模块设计及优化；3.配合后台开发人员完成项目开发及联调工作；4.配合产品经理和ui设计师 ，研究并改善用户体验；任职要求：1.3年及以上前端页面与脚本开发经验，本科及以上学历，计算机或相关专业；2.至少熟练掌握一种前端框架jquery/vue.js/react.js等框架开发经验，并有一定的组件开发与独立完成项目者；3.对javascript熟练掌握，能够使用源生javascript完成项目开发；4.深入理解ajax、http协议，能够快速解决问题者优先；5.能够熟练使用异步编程、函数编程，对事件机制与函数回调有深入理解；6.对移动端页面开发有深入理解，有项目案例者优先；7.对用户体验、交互操作流程、及用户需求有深入理解；8.有强烈的上进心和求知欲，善于学习和运用新知识，善于沟通和逻辑表达，有强烈的团队意识和执行力；,1,0,0,0,0,0,0,0,0,0,0,0,0,0,0,0,0,0,0,1,1,1,1,1,1,0,0,0,0,0,0,0,0,0,0,0,1,1,0,0,0,0,0,1,1,0,1,0,0,0,0,0,0,1,1,0,1,0,0,0,0,0,0,0,1,1,0,1,1,0,1,1,1,0,1,1,0,0,0,0,0,0,0,0,0,0,0,0,1,0,1,0,0,1,1,0,0,1,1,0,1,1,0,0,0,0,0,1,0,0,0,1,0,0,0,0,0,1,0,1,0,0,0,0,0,0,0,0,0,0,1,1,0,0,0,0,1,0,0,1,1,0,0,1,0,0,1,0,1,1,1,1,0,1,0,0,0,0,0,0,1,1,0,0,0,0,0,0,1,1,0,0,1,0,1,1,1,0,0,1,1,0,0,0,0,1,0,0,1,0,1,0,1,1,0,0,1,1,0,0
10000,15000,岗位职责1、负责管理平台、移动端html5页面、微信小程序开发；2、负责前端框架选型，与ul人员一起设计高质量的前端页面；3、负责与后端开发人员一起完成与页面交互的嵌入、调整工作；4、设计出一整套的前端 ul交互体系。任职要求：1、本科以上学历，3年以上前端ul设计、开发经验，有独立的设计、开发能力；2、能熟练编写具有良好风格规范的html+css代码，熟悉跨浏览器兼容、css优先级和响应式布局、javascript执行机制等技术原理；3、熟练使用至少一种js框架，包括但不限于reactjs、angular、vue等，掌握其原理，能独立开发常用组织；4、对ul设计理念有一整套的理论体系，并且有成功案例；5、熟悉微信小程序开发流程，学习能力强，喜欢尝试新知识；6、有html5、css3与android、los系统混合开发经验者优先。,0,1,0,0,0,0,0,1,1,0,0,0,0,0,0,0,0,1,1,0,1,1,1,0,1,0,0,0,0,0,0,0,0,0,0,0,0,1,1,0,0,0,0,1,0,1,1,0,0,0,0,0,0,0,1,0,0,0,0,0,0,0,0,0,1,1,1,1,1,0,1,1,0,0,0,1,0,0,1,0,0,0,0,0,0,0,0,0,0,0,0,1,1,0,0,0,0,1,1,0,0,1,0,0,1,1,1,1,0,0,1,0,0,0,0,0,0,1,0,1,0,0,0,0,0,0,0,0,0,0,1,0,0,0,0,0,0,0,0,0,1,1,1,0,0,0,1,0,0,0,0,0,0,1,1,1,0,0,0,1,0,1,0,0,0,0,0,1,0,1,1,1,0,0,0,0,0,0,0,1,0,0,0,0,0,1,0,0,0,0,0,0,0,0,0,0,1,0,0,1
10000,20000,职位描述：1. 负责公司基于web的产品技术体系架构以及产品总体技术方案设计2. 参与云平台产品及系统的web前端开发和维护；3. 利用html、js、css等相关技术或框架开发前端系统.职位要求：1. 2年以上前端开发经验，精通前端基本技术，包括html、css、javascript、ajax、dom、json等，熟悉div+css页面架构与布局；2. 熟练掌握至少一种常用前端框架，如jquery、react、angularjs、vue.js等，参与过2个以上web商业项目的开发；3. 熟悉至少一种常用后端框架(node.js、play、django中任一种) ；4. 必须有线上产品经验；5. 有较强的独立解决问题能力、学习能力、以及沟通能力，大学本科以上.工作地址南山区深圳湾科技生态园10栋a座2403室,1,1,1,0,0,0,0,1,0,1,1,0,0,0,0,0,0,1,0,0,1,1,1,1,1,1,0,0,0,0,0,1,0,0,0,0,1,1,0,0,0,0,0,1,0,1,1,0,0,1,0,0,0,0,1,0,0,0,0,0,0,0,0,0,0,0,0,1,0,0,0,0,0,0,0,0,0,0,0,0,0,0,0,0,0,1,0,0,0,0,0,1,0,0,0,0,0,1,0,0,0,0,0,0,1,1,1,0,0,0,0,0,0,0,0,0,0,0,0,1,1,0,0,0,0,0,1,0,0,0,1,0,1,0,0,0,0,0,0,1,0,0,0,0,0,0,1,0,0,0,0,1,0,0,0,0,0,0,1,1,0,1,0,1,0,0,1,1,0,1,0,0,1,0,1,0,0,0,0,1,0,0,0,0,0,1,1,0,0,0,0,0,1,0,0,0,1,1,0,0
5000,6500,岗位职责：负责公司主站和市场营销相关页面开发，需要将设计稿转化为标准的html面，保持良好的兼容性，交互性。职位要求：1.计算机或相关专业本科以上学历，1年以上工作经验。2.精通xhtml，css，对语义化、结构化、web标准页面开发有深入的了解。3.熟悉javascript语言，对性能优化有一定了解。4.熟悉浏览器对代码支持特性，输出兼容各浏览器的页面代码。5.熟悉html5和css3，略一门后台语言。6.培养方向中级前端开发工程师。,0,0,0,0,0,0,0,1,1,0,0,0,0,0,0,0,0,1,1,0,1,1,1,0,0,0,0,0,0,0,0,0,0,0,0,0,0,0,0,0,0,0,0,0,0,0,0,0,0,1,0,1,0,1,0,0,1,1,0,0,0,0,1,0,1,0,1,1,1,0,0,0,1,0,0,0,0,0,1,1,0,0,0,0,0,1,0,0,0,0,1,0,0,0,0,0,0,0,0,0,0,1,0,1,0,0,0,0,0,0,0,0,0,0,0,1,0,0,0,0,0,0,0,0,0,0,0,0,0,0,1,0,0,0,1,0,0,0,0,0,0,1,1,1,0,1,0,0,0,0,0,1,0,0,0,0,0,0,1,0,0,1,1,0,0,0,1,0,0,0,1,0,0,0,0,1,1,0,0,1,0,0,1,1,0,1,0,0,0,0,0,0,0,0,1,0,1,0,0,0
15000,20000,pc前端岗位职责：1.负责迅雷（pc端/移动端）前端业务开发和优化；2.负责前端业务框架、工具链的不断完善。任职要求：1.3年以上前端开发经验；2.精通html、css、html5、css3，熟悉手机端兼容性常见问题及解决方案；3.js基础扎实，掌握es6，对http(s)协议有自己的见解，熟悉w3c标准及规范，了解网站性能优化、体验优化等；4.熟悉vuejs、react任一框架；5.熟悉webpack、gulp、git等工具链。加分项：1.熟悉react？native、weex、pwa等技术者优先2.熟悉nodejs、typescript者优先？3.有技术博客、github等开源项目者优先:手机-web前端开发岗位职责：1.负责手机迅雷ios、android前端产品的设计和开发，服务上亿用户；2.为团队积累和分享最佳开发实践／流程和工具。任职要求：1.3年以上前端开发经验；2.js基础扎实，掌握es6，对http协议有自己的见解，熟悉w3c标准及规范，了解网站性能优化，技术体验优化；3.精通html、css、html5、css3，熟悉不同手机不同版本的兼容性差异；4.熟悉jquery、vuejs、reactnative、weex框架，有应用经验优先；5.熟悉webpack、gulp、git等工具链；6.熟悉nodejs者优先；7.有技术博客、github开源项目为加分项。:海外项目前端招聘职位诱惑：海外新产品、新挑战！岗位职责：1.？负责海外移动端产品前端业务开发和优化；2.？负责前端业务框架、工具链的不断完善；3.？配合后台工程师一起研讨技术实现方案，进行应用及系统整合。任职要求：1.？3年以上前端开发经验、良好的编码能力；2.？熟悉html、css、html5、css3，熟悉手机端兼容性常见问题及解决方案；3.？js基础扎实，掌握es6，熟悉http协议，熟悉w3c标准及规范，了解网站性能优化、体验优化等；4.？熟悉vue、react任一框架；5.？熟悉webpack、gulp、git等工具链。加分项1.有技术博客、github等开源项目者优先；2.熟悉nodejs者优先。,0,0,0,0,0,0,0,1,1,0,0,1,1,0,1,0,0,1,1,1,1,0,0,1,1,0,0,0,0,0,0,1,1,1,1,0,1,1,0,0,0,0,0,1,0,1,1,1,1,1,1,0,0,0,0,0,0,0,0,0,0,0,1,0,0,0,0,1,0,0,1,1,1,0,1,0,0,0,1,1,0,0,0,0,0,1,0,0,0,0,1,0,0,0,1,1,0,0,0,0,1,1,0,1,0,0,0,0,0,1,0,0,0,0,0,1,1,0,0,1,0,0,0,0,0,0,1,0,0,0,0,0,0,0,1,0,0,0,0,0,1,0,0,0,0,0,0,0,0,1,0,0,0,1,0,0,0,0,1,1,0,1,0,0,0,0,1,1,0,0,1,1,1,1,0,0,0,0,0,1,0,0,0,0,0,1,0,1,0,0,1,0,1,0,0,0,0,1,0,0
8000,10000,"有做过消费金融者项目或者在消费金融公司、现金贷公司做过的优先考虑。  岗位职责： 1.负责web前端技术架构及核心组件、框架开发； 2.负责前端架构设计、功能的开发、文档编写； 3.参与制定和编写前端架构代码 (如：设计标准)及标准管理； 4.负责前端性能优化和技术难点攻关； 5.与后端技术合作团队协作； 6.积极了解业界发展、互联网相关新技术及趋势，规划公司未来技术架构方向。 任职要求 1.三年以上前端工作经验； 2.精通html5，css3，javascript，玩转 jquery，bootstrap，javascript 模块化 / 前端组件化开发； 3.具备优秀的前端架框设计与优化能力, 有一定设计美感更佳； 4.熟悉响应式布局, 客户端性能优化, 了解前端动画者优先； 5.熟悉node js及express/koa的开发； 6.熟悉使用angular.js ,backbone,react其中一种个mvc设计框架； 7.熟悉响应式布局，会使用 bootstrap/pure/foundation 等至少一种； 8.熟悉前端安全和网络攻击模式； 9.有ios、andriod 等移动设备开发经验者优先；有互联网金融产品设计和技术开发经历的优先考虑。",0,1,0,0,1,1,1,1,1,0,0,1,0,0,0,0,0,1,1,0,1,1,1,1,1,0,0,0,1,1,0,1,0,0,0,0,1,1,0,0,0,0,0,1,0,1,0,0,0,1,0,0,0,1,1,1,0,0,0,0,0,0,1,1,0,0,1,1,0,0,1,1,1,1,0,1,0,0,0,0,0,0,0,0,0,0,1,0,0,1,0,1,1,0,1,0,0,0,0,0,0,1,0,0,1,0,0,0,0,0,0,0,0,0,0,1,0,0,0,0,0,0,0,0,1,0,0,0,0,0,0,0,1,1,1,0,1,1,1,0,0,0,0,0,0,0,0,0,0,0,0,1,0,1,0,0,0,0,1,0,1,1,0,0,0,0,0,1,0,1,0,0,0,0,0,0,0,0,1,1,0,0,0,0,0,1,0,0,0,0,0,0,0,0,0,0,0,1,0,0
8000,10000,岗位职责：?依据产品需求完成高质量的web前端开发和维护；？?对具体的产品进行前端性能优化；?在理解前端开发流程的基础上，结合前端实际建立或优化提升工作效率的工具；？?在理解产品业务的基础上，结合前端技术建立或优化web的交互方式。岗位要求：1. 精通各种web前端技术（php/html/css/javascript等)；？2. 熟练跨浏览器、跨终端的开发，有html5/css3等移动端web页面开发经验和案例；？3. 深刻理解web标准，对可用性、可访问性有实际的了解和实践经验；？4. 具备前端工程化的思维和实践经验；？5. 技术视野广阔，有主导前端技术方案设计的能力和经验，能够独立承担项目开发工作；？6. 良好的团队合作精神和积极主动的沟通意识，具有很强的学习能力和对新技术的追求精神，乐于分享.,0,0,0,0,0,0,0,1,1,0,0,0,0,0,0,0,0,1,1,0,1,1,1,0,0,0,0,0,0,0,0,0,0,0,0,1,0,0,0,0,0,0,0,0,0,0,0,0,0,1,0,0,0,0,0,0,0,0,0,0,0,0,1,0,1,0,0,0,0,0,0,0,1,0,0,0,0,0,0,0,0,0,0,0,0,1,0,1,0,1,0,0,0,0,1,1,0,1,1,0,0,1,1,0,0,0,0,0,0,0,0,0,0,1,0,1,0,0,0,0,0,0,0,0,0,1,1,0,0,0,0,0,0,0,1,0,0,0,0,1,1,1,1,0,0,0,1,0,1,0,0,0,0,1,0,0,0,1,1,0,0,1,0,1,0,0,0,1,1,0,1,0,0,0,0,0,0,0,0,1,0,1,0,0,0,0,0,1,0,0,0,0,0,1,0,0,1,1,0,0
7000,11000,"岗位职责:负责后台监控软件、嵌入式web的开发与维护，开发过程文档编写，参与同行评审。 
任职资格:1、计算机、通信、网络工程等相关专业本科及以上学历，2年以上相关工作经验；2、熟悉struts、hibernate、spring等主流开源框架；3、熟练使用javabean、servlet、jsp、webservice等开发技术；4、熟练掌握tomcat、jboss、weblogic等主流应用服务器的配置和使用；5、熟练使用html、css、javascript等客户端开发技术；6、熟悉flex技术、actionscript语言；",0,0,0,0,0,0,0,1,0,0,0,0,0,0,0,0,0,1,0,0,1,1,1,0,1,0,1,0,0,0,0,0,0,0,0,0,0,0,0,1,0,1,0,0,0,0,0,0,0,1,0,0,0,0,0,0,1,1,0,0,1,0,0,0,0,0,0,1,1,0,1,0,0,0,0,1,0,0,0,0,0,0,0,0,0,0,0,0,0,0,1,0,0,0,0,0,0,0,0,0,0,1,0,0,0,0,0,0,1,1,0,0,0,0,0,0,0,0,0,1,0,0,0,0,1,0,0,0,0,1,1,0,0,0,0,0,0,0,0,0,0,0,0,0,0,0,0,0,0,0,0,1,0,0,0,0,0,0,0,0,0,1,0,1,0,0,0,0,0,0,0,0,0,0,0,1,1,0,0,0,0,0,0,1,0,1,0,0,0,0,0,0,0,0,0,0,0,0,0,0
15000,20000,岗位职责： 1、关注web发展，对web充满激情，3年以上前端开发经验；2、设计web产品的前端架构，并持续优化；3、为前端技术改进、网站性能优化、技术选型提供解决方案；4、负责指导前端小组成员，安排任务，管理代码质量。 5、理解后端架构，与后端工程师配合，为项目提供最优化的技术解决方案；6、良好的团队协作力，为人诚恳，做事踏实；乐于分享，能承受一定工作压力；任职要求： 1、具备3年以上前端开发经验，熟练掌握html、css、javascript开发，能快速解决浏览器、各种用户机型兼容问题。 2、熟练掌握jquery、requirejs等主流js框架，熟练使用vue、react、angularjs之一，有大型单页或多页应用实际项目设计、开发维护经验。精通react者优先考虑； 3、熟练运用webpack、gulp等构建工具，熟练使用less，sass，postcss等css处理工具。 4、对单页应用性能优化有自己的见解和实际项目优化经验。5、熟悉各种浏览器、安卓、ios平台特性，能很好的解决兼容性问题；有安卓和ios前端h5页面开发经验； ？有博客、开源项目者优先；熟悉.net语言者优先。,0,1,1,0,0,0,0,1,0,0,0,1,0,0,1,1,0,1,0,0,1,1,1,1,1,0,0,1,0,0,0,0,0,1,0,0,1,1,0,0,1,0,0,1,1,1,1,0,0,1,1,0,0,1,0,0,0,0,0,0,1,0,0,0,0,0,1,1,0,1,1,1,1,0,0,1,0,0,1,1,1,1,0,0,0,1,0,1,0,0,0,1,0,0,1,0,1,0,0,0,0,1,0,1,0,0,1,0,0,1,0,1,0,0,0,1,0,0,0,1,0,0,0,0,0,0,1,0,0,0,0,1,1,0,0,0,0,0,0,0,0,1,1,0,0,1,0,0,1,1,0,0,0,0,0,0,0,0,1,0,0,1,0,1,0,0,0,0,0,0,1,0,1,1,0,0,0,0,0,1,0,0,0,1,0,1,0,0,0,0,1,0,1,0,0,0,1,1,0,0
15000,20000,"前端h5方向（react向）1.对前端mvc/mvvm框架有开发经验，掌握react/redux,并熟悉其组件化开发，另熟悉vue经验优先；2.5年以上前端工作开发经验，能力特别优秀者可以适当放宽；3.掌握javascript语言（es6）掌握query/zepto框架；4.熟悉amd/cmd/umd规范级模块化开发；5.熟悉微信jssdk/微信小程序经验者优先；6.熟悉js与native之间的交互原理；7.熟悉html5方面js对象及功能使用优先；8.熟悉画图（canvas）类库/游戏引擎优先；",0,0,0,0,0,0,0,0,0,0,0,1,1,0,0,1,0,1,1,0,1,1,1,0,1,0,0,0,1,1,0,0,0,0,0,0,1,1,0,0,0,0,0,1,0,0,1,0,0,0,0,0,0,0,0,0,0,0,0,0,0,0,0,0,1,0,0,1,0,0,0,1,0,1,0,1,0,0,0,0,0,0,0,0,0,0,1,0,0,0,0,0,0,0,0,0,0,0,0,0,0,0,0,0,0,0,0,0,0,0,1,0,0,0,0,0,0,0,0,1,0,0,0,0,0,0,0,1,0,0,0,0,0,0,0,0,1,1,0,0,0,0,0,0,0,0,0,0,0,0,0,0,0,0,1,0,1,0,0,0,1,1,0,0,0,0,0,1,0,0,0,1,0,0,0,0,0,0,0,0,0,0,0,1,0,0,0,0,0,0,0,0,0,0,0,0,0,0,0,0
15000,20000,1、大专3年以上前端开发经验，本科3年以上前端开发经验； ？ ？2、精通javascript、html5、css等技术，熟悉es6； ？ ？3、熟练运用主流的移动端js库和开发框架，并深入理解其设计原理，如？vue.js、reactjs、angular等，有vue.js实战经验的并有复杂应用场景的开发经验； ？ ？4、有移动端web？app混合开发经验； ？ ？5、有前端架构、性能优化、稳定性等方面的实践经验优先； ？ ？6、对技术有强烈的进取心，具有良好的沟通能力和团队合作精神，优秀的分析能力和解决问题的能力，具有一定的抗压能力。 ？ ？,0,1,0,1,0,0,0,1,0,0,0,1,1,0,0,0,0,1,1,0,1,1,1,0,1,0,0,0,0,0,0,0,0,0,0,0,0,1,1,0,0,0,0,1,0,1,1,0,0,1,0,0,0,1,0,0,0,0,0,0,1,0,0,0,0,0,0,1,0,0,0,1,1,1,0,0,0,0,0,0,0,0,1,0,0,1,0,0,0,1,0,0,0,0,1,0,0,0,0,0,0,0,0,0,0,0,0,0,0,0,0,0,0,0,0,1,0,0,0,0,0,0,0,0,0,0,0,1,0,0,1,0,1,0,0,0,0,0,0,1,0,0,0,1,0,0,0,0,1,0,0,0,0,1,0,0,0,1,1,0,0,1,0,0,0,0,0,1,0,0,1,0,1,0,1,0,0,0,0,1,0,0,0,0,0,0,0,0,0,0,0,0,1,0,0,0,0,0,0,0
10000,15000,"岗位职责:参与global监控软件web及前端ui的功能设计与开发。 
任职资格:1、软件工程、自控、计算机或相关电子专业本科以上学历；2、精通web前端技术，包括html/css/javascript等；3、精通js对象编程，了解基于原型的继承原理，掌握作用域(链)、原型(链)、闭包、this指向、变量提升等基础知识；4、熟悉主流的前端框架之一：angularjs/angular/react/vue；5、熟悉http/https协议，熟悉基本的网络原理；6、8. 精通java开发，熟悉restful，熟悉spring boot；7、正直诚实、积极上进，有较强的团队合作和沟通能力；8、良好的英语能力，可以满足global项目的日常交流和英文邮件沟通。优选条件：1、了解前端模块化，熟悉requirejs/commonjs/es6模块者优先；2、使用过canvas/svg/webgl对图像进行处理者优先；3、熟悉css3新特性、sass语言者优先； 4、熟悉mongodb应用开发，具有mongodb数据库优化经验者优先；5、对动力设备监控系统和智能设备调测有了解者优先；6、正直诚实、积极上进，有较强的团队合作和沟通能力；7、编程基础扎实，具有良好的编程习惯和代码编写能力，有cmm/cmmi实施经验者优先。",0,1,1,0,0,1,0,1,1,0,0,1,1,0,0,0,0,1,0,1,1,1,1,0,1,0,0,0,0,0,0,0,0,0,0,0,0,1,0,0,1,1,0,1,1,1,1,0,0,1,0,0,0,0,0,0,1,1,0,0,1,1,1,0,0,0,1,1,1,0,1,1,1,0,0,1,0,0,0,0,0,0,0,0,0,0,1,0,0,1,0,0,0,0,1,1,1,0,0,0,0,1,0,0,0,0,0,0,0,0,0,0,0,0,0,0,1,0,0,1,0,0,1,1,0,0,0,0,0,0,1,0,0,0,0,0,1,1,0,1,0,0,0,0,0,1,0,0,0,0,0,1,0,0,0,0,0,0,1,1,0,1,0,0,0,0,0,1,0,0,1,0,0,0,0,1,1,0,1,1,0,0,0,1,0,0,1,1,0,0,0,0,0,0,0,0,0,1,0,0
20000,30000,"岗位职责:1、负责卡中心手机、 pc的 web 前端开发；2、与产品业务探讨合作产品及交互优化方案，与后端合作开发产品服务；3、探索 web 和后台、客户端相结合的最佳实践方案，持续优化性能；4、前端效率工具开发以及工作流优化。 
任职资格:1、计算机相关专业，大学本科以上学历；2、3年以上工作经验；3、熟悉 javascript/css 及主流前端类库、框架、工具且有相关项目经验，如 vue，jquery, react 等；以及一门后端语言例如java/php/nodejs，对数据库、操作系统有基础认识；4、有较强的设计稿还原能力（切图、div+css布局等），并有一定的页面审美意识。5、熟悉 es6/html5/css3 等新技术，对 js 新特性有一定理解和使用经验者优先。6、对pc和手机浏览器兼容性有一定理解，有相关问题的处理经验。7、较强的学习能力，具备良好的知识沉淀习惯，能快速适应新技术的更新。8、逻辑分析能力强，善于沟通，具备良好的沟通能力和团队协作精神。【优先考虑】1、有海外留学背景优先；2、211、985院校硕士优先；",0,0,0,0,0,0,0,1,1,1,0,1,1,0,0,0,0,1,1,0,1,1,1,1,1,0,0,0,0,0,0,1,1,0,1,1,1,1,0,0,0,0,0,1,0,0,1,0,0,1,0,0,0,1,0,0,1,0,0,0,1,1,0,0,1,0,0,1,1,0,1,1,1,0,0,1,0,0,1,1,0,0,1,0,0,1,0,0,0,1,1,1,0,1,1,1,1,1,0,0,0,1,0,0,1,0,0,0,0,0,0,1,0,0,0,1,0,0,0,0,0,0,1,1,0,0,1,0,1,0,1,0,0,0,0,0,0,0,0,1,0,1,1,0,0,1,0,0,1,0,0,1,0,0,0,0,1,1,0,1,0,1,0,0,0,0,0,1,0,0,1,0,0,0,0,1,1,1,0,1,0,0,0,1,0,1,1,0,1,0,0,0,1,0,0,0,1,1,0,0
15000,30000,岗位职责：1、熟悉敏捷开发模式，根据设计文档、开发规范独立编写高质量代码；2、参与需求分析，进行功能设计并根据需求搭建开发环境；3、发现并修复bug，不断优化现有的产品，提高稳定性和可扩展性以及用户体验；4、参与开发成果评审，关注前沿技术研究。岗位要求：1、有大用户量商用小程序开发经验（至少1个）以及web前端开发经验三年以上；2、精通html5/javascript/css3等web前端开发技术；3、精通移动端h5开发，有基于微信的h5开发案例；4、有wepy、minui 等微信小程序组件化开发框架项目经验者优先；5、熟悉至少一种流行前端开发框架vuejs，reactjs，angularjs;6、熟悉http的基本工作原理，并能完成基于http协议级的优化；7、对web前端的性能优化以及web常见漏洞有一定的理解和相关实践。,0,1,1,0,0,0,0,1,1,0,0,0,0,0,0,1,0,1,1,1,1,1,1,0,1,0,0,0,0,0,0,0,0,0,0,0,0,1,1,0,0,0,0,1,1,1,1,1,0,1,0,0,0,1,1,1,0,0,0,0,0,0,0,0,0,0,1,1,0,0,0,1,1,0,1,0,0,0,0,0,0,0,1,0,0,1,1,0,0,0,0,0,0,0,0,0,0,0,1,0,0,1,0,0,0,0,0,0,1,0,1,0,0,0,0,1,0,0,0,0,0,1,0,0,1,0,0,0,0,0,0,0,0,0,0,1,0,0,1,0,0,0,0,0,0,0,1,1,1,1,0,1,0,1,1,1,0,0,1,0,1,1,0,0,0,0,0,0,0,1,0,1,0,0,0,0,0,0,0,1,0,0,0,0,0,0,0,1,0,0,0,0,0,1,0,0,0,1,0,0
8000,15000,岗位职责：1、根据产品需求完成高质量的web前端开发和维护；2、优化web前端应用，改善用户体验；3、解决web前端页面在各浏览器的兼容性问题；4、研究web前端技术的发展，丰富web交互方式。岗位要求：1、2年以上web前端开发工作经验；主要熟悉vue和angular技术；2、精通html、css等web开发领域相关技术；3、有响应式页面开发经验，能开发兼容移动版浏览器的应用；4、精通网站性能优化，技术体验优化，深刻理解web标准和兼容性，对表现与数据分离、web语义化、提升用户体验有独特的见解和实践经验；5、有电商开发经验者优先。,0,1,0,0,0,0,0,1,0,0,0,0,0,0,0,0,0,1,0,0,0,0,0,0,0,0,0,0,0,0,0,0,0,0,0,0,0,0,0,0,0,0,0,1,0,1,1,0,0,1,0,0,0,0,0,0,0,0,0,1,0,0,0,0,1,0,0,1,0,0,0,1,1,0,1,0,0,0,1,1,1,0,0,0,0,1,0,0,0,0,0,0,1,0,0,0,0,0,1,0,0,1,0,0,0,0,0,0,0,0,0,0,0,0,0,1,0,0,0,0,0,0,1,0,0,1,0,0,0,0,0,0,0,0,1,1,0,0,0,0,0,1,1,0,0,0,0,0,1,1,0,1,0,1,0,0,0,0,1,0,0,1,0,1,0,0,0,0,0,0,0,0,1,0,0,0,0,0,0,0,0,0,1,0,0,0,0,0,0,0,0,0,1,1,0,0,1,0,1,0
8000,10000,"工作职责: ？ ？1.承担web系统的前端界面制作和用户体验交互效果制作;开发前端页面结构框架 ？ ？2.逻辑思路清晰,较强的创新能力,有良好的计划和执行能力； ？ ？3.完成公司、部门经理安排的其他工作。 ？ ？任职资格: ？ ？1、计算机、电子信息技术及其相关专业本科以上学历； ？ ？2、两年以上web前端经验，具有扎实的ui设计知识和java编程基础； ？ ？3、熟悉js、ajax、dom、css hack、jquery、json、bootstrap 等前端技术，以及浏览器在线调试； ？ ？4、对 css/js/html/image 体积&性能优化、解决多浏览器兼容性问题有丰富的经验，页面布局逻辑清晰，语义性强，有良好延展性且便于维护； ？ ？5、熟悉前后端数据交互优先； ？ ？6、对 ？ html5/css3 ？ 等技术有一定使用经验,,熟悉流行的web框架,并有一定的开发经验的优先考虑;7、热爱前端设计，积极上进，学习能力强，能够不断学习和自我激励，能承受较强的工作压力； ？ ？8、真诚敬业，踏实肯干，富有钻研精神，具有良好的团队合作精神和协作能力； ？ ？",1,0,0,0,0,1,1,1,1,0,1,0,0,0,0,0,0,1,1,0,0,1,0,1,1,1,0,0,0,0,0,0,0,0,0,0,1,0,0,0,0,0,0,1,1,0,0,0,0,1,0,0,0,1,0,0,1,1,0,1,0,0,0,0,1,0,0,1,1,0,1,1,1,0,1,1,1,0,1,1,1,0,0,1,1,0,0,0,0,1,0,1,0,0,1,1,0,1,1,0,0,0,0,0,1,0,0,0,0,0,0,0,0,0,1,1,1,1,0,0,0,0,1,0,0,0,0,0,0,0,1,0,0,0,0,0,0,0,0,0,0,1,1,0,1,0,0,0,0,1,1,1,0,0,0,0,0,1,0,1,0,1,1,1,0,0,0,1,1,0,1,0,1,0,0,1,1,0,0,1,0,0,1,0,1,0,1,0,1,0,0,0,1,0,0,0,1,0,0,0
15000,20000,岗位职责：1.基本开发能力：精通web开发技能（html、css、javascript）；具备解决页面前台领域的复杂技术问题的能力。 2. 应用能力：熟练运用第三方开源框架和ui套件，以及能熟练针对开源框架或ui套件进行修正和扩展；3. 设计能力：了解主流的web2.0应用开发思想，能够合理的规划与搭建前端架构，熟悉常见的前端扩展性设计方法，熟悉组件/对象生命周期的规划.？任职要求：1.精通div+css，javascript、json、xml等web前端相关技术；熟悉javascript面向对象机制，能用原生javascript进行dom编程2.熟悉多种前端框架（如jquery、easyui、bootstrap等）技术，对前沿技术（html5+css3）有一定研究3.深刻理解web标准，对前端性能、可访问性、可维护性等相关知识有实际的了解和实践经验4.有跨浏览器、跨终端的开发经验5.熟悉java或php编程语言，熟悉http协议6.3年以上相关开发经验。？,0,0,0,0,0,1,1,1,1,1,1,0,0,0,0,0,0,1,1,1,1,1,1,1,1,1,0,0,0,0,0,0,0,0,0,1,1,0,0,0,0,0,0,1,1,0,0,0,0,1,0,0,1,1,0,0,0,0,0,0,1,0,1,0,0,0,0,1,0,0,1,0,0,0,0,0,0,0,0,0,0,0,0,0,0,0,0,0,0,0,0,0,0,0,0,0,0,0,0,0,0,1,0,0,0,0,0,0,0,1,0,0,1,0,0,1,0,0,1,0,0,0,0,0,0,0,0,0,0,0,0,0,1,0,1,0,0,0,0,0,0,1,1,0,0,0,0,0,1,0,0,1,0,0,0,0,0,0,1,0,1,1,0,1,0,0,0,1,1,0,0,0,1,0,0,0,0,0,0,1,0,1,0,1,0,0,0,1,0,0,0,0,1,0,0,1,1,0,1,0
8000,15000,"1、熟练使用react.js,redux, react-router开发业务系统；2、掌握restful的接口风格，并能熟练进行接口联调。3、能运用chrome控制台进行代码断点调试、日志查看、网络请求查看及问题定位；4、能运用css/less进行页面布局调优；5、熟练掌握es5/6/7语法进行开发；6、良好的沟通及协作能力。7、两年以上前端开发经验，一年以上react框架开发经验。8、能接收一定程度的加班。工作地点：深圳南山区科技园",0,0,0,0,0,0,0,1,0,0,0,1,0,0,0,0,1,0,0,0,0,0,0,0,1,0,0,1,0,0,0,0,0,0,0,0,0,1,0,0,0,0,0,0,0,1,0,0,0,0,0,0,0,1,0,0,0,0,0,0,0,0,0,0,0,0,1,1,0,0,0,0,0,0,0,1,0,0,0,0,0,0,0,0,0,1,0,0,0,0,0,0,0,0,0,0,0,0,0,1,0,0,0,0,1,0,0,0,0,0,0,0,0,0,0,0,0,0,0,1,0,0,0,0,0,0,0,0,0,0,0,0,0,0,0,0,0,0,0,1,0,0,0,0,0,0,0,0,0,0,0,0,0,0,0,0,0,0,0,1,0,1,0,0,0,0,0,1,0,0,1,0,0,0,0,0,0,0,0,0,0,0,0,0,1,0,0,1,0,0,0,0,1,0,0,0,1,0,0,1
10000,20000,任职要求：1、精通 html5/css3/javascript 等 web 前端开发技术，深入掌握 ajax、dom、bom、xml、json 等相关技术；2、熟悉jquery/bootstrap等技术框架以及实现原理；3、对技术有热情，充满好奇心，学习能力强，有极强的责任心；4、有代码洁癖，良好的编码能力和习惯，能书写适当的注释、文档，代码易于维护和扩展。岗位职责：1、参与公司pc端、移动端产品开发；2、负责已有的产品更新与完善；3、与团队成员合作完成整个系统的设计和开发。,1,0,0,0,0,1,1,1,1,0,1,0,0,0,0,0,0,1,1,0,1,1,1,1,1,1,0,0,0,0,0,0,0,0,1,0,1,0,0,0,0,0,0,1,0,0,0,0,0,1,0,0,1,0,0,0,0,0,0,0,0,1,0,0,0,0,1,0,0,0,1,0,0,0,0,0,0,0,0,0,0,0,0,0,0,1,0,0,0,1,0,0,0,0,1,0,0,1,1,0,1,1,0,0,0,0,0,0,1,0,0,0,0,0,0,0,0,0,0,1,0,0,0,0,1,0,0,0,1,0,0,0,0,0,0,0,0,0,0,0,0,0,0,1,0,0,0,0,0,0,0,1,0,1,0,0,0,0,1,1,0,0,0,1,0,0,0,1,0,0,1,0,0,0,0,0,0,0,0,1,0,0,0,0,0,1,0,0,0,0,0,0,0,0,0,0,0,0,0,0
10000,15000,1. js语言基础掌握，有良好的编程经验和思想2. 非前端ui重构岗位，着重强调js基础扎实3. 工作态度良好，易合作，易沟通4. 熟悉前端的mvvm框架之一更佳，或能快速掌握vue的开发方式？,0,0,0,0,0,0,0,0,0,0,0,0,0,0,0,0,0,0,0,0,0,0,0,0,1,0,0,0,1,0,0,0,0,0,0,0,0,0,0,0,0,0,0,1,1,0,1,0,0,0,0,0,0,0,0,0,0,0,0,0,0,0,0,0,0,0,0,0,0,0,0,0,0,0,0,0,0,0,0,0,0,0,0,0,0,0,0,0,0,1,0,0,0,0,0,1,0,0,0,0,0,1,0,0,0,0,0,0,0,0,0,1,1,0,0,0,1,0,0,1,0,0,0,0,0,1,0,0,0,0,0,0,0,0,0,0,0,0,0,1,0,0,0,0,0,0,0,0,0,0,0,0,0,0,0,0,0,0,0,0,0,1,0,0,0,0,0,0,0,0,1,0,0,0,0,0,0,0,0,0,0,0,0,1,0,0,0,0,0,0,0,1,0,0,0,0,0,0,0,0
15000,30000,"岗位职责：1、负责处理渠道接入中标准化h5页面的开发及维护；2、负责处理官网的日常维护及优化；3、负责处理微信及小程序页面的制作及维护。任职要求：1、本科及以上学历，三年以上前端开发经验；2、负责互联网产品前端代码的编写，按照设计效果图、需求实现功能和用户体验；3、对各种web前端技术（如javascript、css、语义化标签等）有深刻理解；？4、熟练使用各种脚本调试器、dom查看器等定位问题，熟练使用各种工具检测web服务的性能和定位瓶颈；5、精通js以及主流js框架，熟悉jquery,vue.js，es6,有node？js,vue.js？经验者优先考虑；？6、逻辑清楚，思维清晰，代码规范，具备良好的分析、理解、解决问题的能力。？",0,0,0,0,0,0,0,1,0,0,1,1,1,0,0,1,0,0,0,0,1,1,1,1,1,0,0,0,0,0,0,1,0,0,0,0,1,0,0,0,0,0,0,1,0,0,1,0,0,1,0,0,0,0,0,1,0,0,0,0,1,0,0,1,0,0,1,1,1,0,1,1,1,0,1,1,0,0,0,0,0,0,1,0,1,1,1,1,0,0,0,0,0,0,0,0,1,0,0,1,1,1,0,0,0,0,0,0,0,0,1,0,0,1,0,1,0,0,0,0,0,0,0,0,0,0,0,0,0,0,1,0,0,0,1,0,0,0,0,0,0,0,0,0,1,0,0,0,1,1,0,0,0,0,1,0,0,0,1,0,0,1,0,1,0,0,0,1,0,0,1,1,1,0,1,0,0,0,0,1,0,0,1,0,1,1,0,0,1,0,0,0,1,1,0,0,1,0,0,0
10000,12000,"岗位职责：1、利用html/css/javascript等web技术进行产品的开发2、配合后台开发人员实现产品功能，独立完成web前端开发任务3、能够理解后端架构，与后端工程师配合，为项目提供最优化的技术解决方案4、能够理解基础需求和ui设计并进行分析，设计出符合用户使用习惯的前端操作界面，优化前端用户操作体验。任职要求：1、计算机相关专业，专科以上学历，三年以上前端开发工作经验；2、精通html 5/css 3/javascript等主流web前端技术3、精通div+css布局的html代码编写，能够书写符合w3c标准的代码，并有严苛的编码风格和良好的编码习惯；4、精通jquery、bootstrip等主流的js框架和库，并能够对其特性和应用有深入的了解；5、精通面向组件的前端开发模式，对组件规划、封装工作有相关经验；6、熟悉commonjs标准，对requirejs或同类型加载器的原理和使用有一定经验；7、熟悉一门web服务器端编程语言（如java、node），并有相关项目经验；8、熟悉ajax/xml/json等网络通信技术和数据交换格式；9、熟练切图，将ui设计转化为符合w3c规范的div+css静态页面，确保浏览器及平台的性能和兼容性10、有前端开发框架构建，前端开发团队工作组织、管理工作相关经验优先；11、了解jquery ,easyui、extjs、bootstrap、angular.js等框架、有美工设计经验者优先；12、有大型系统、教育软件开发经验优先；",1,1,0,0,0,1,1,1,0,1,0,0,0,0,0,0,0,1,0,0,1,1,1,1,1,1,0,0,0,0,0,1,0,0,0,0,1,0,0,0,0,0,0,1,1,1,0,0,1,1,0,0,1,1,0,1,1,0,1,0,1,1,1,0,0,1,1,1,1,1,1,1,1,0,1,1,0,0,1,1,0,0,1,0,0,1,1,0,0,0,1,1,0,0,1,1,0,0,1,0,1,1,0,1,1,0,1,1,0,0,0,0,0,0,0,1,0,0,0,0,0,0,1,0,0,0,1,0,0,1,0,1,1,0,1,0,0,0,1,0,0,1,1,1,0,1,1,0,1,1,1,1,0,0,0,0,0,0,1,1,1,1,0,0,0,1,0,0,1,0,1,1,1,1,0,1,1,1,0,1,0,0,0,1,0,0,0,1,0,0,1,0,0,1,0,0,1,1,0,1
8000,13000,"岗位职责描述 ？？1、负责h5、app、web网站开发及维护，对网站的问题，能积极快速解决2、能独立分析需求，并在充分理解需求后完成代码编写工作3、对新技术有追求，有创新想法，好的技术框架能积极引入到项目中4、对安排的开发任务能按时按质完成，并配合测试迭代上线？ ？任职资格 ？？工作经历1、2年以上java开发经验2、互联网行业开发经历优先技能1、计算机或相关专业国家统招本科及以上学历；2、熟练掌握html5/js/angular2/jquery等技术，熟悉cordova、ionic2优先；？3、2年以上java web,微信应用开发经验, 精通java，熟练掌握servlet/jsp/jms/spring/mybatis等技术； 4、具有良好的团队精神，表达和沟通能力好；5、能自立自强、业余好学善专研。？？ ？",0,1,0,1,0,0,0,0,0,0,0,0,0,0,0,1,0,1,1,0,0,1,0,1,1,0,1,0,0,0,0,0,0,0,0,0,1,0,0,0,0,1,0,1,0,1,0,0,0,1,0,0,0,0,0,0,1,0,0,0,0,0,0,1,0,0,1,1,1,1,1,1,0,0,0,0,0,0,0,0,0,0,1,1,0,0,0,0,0,0,0,0,0,0,1,0,0,0,1,0,0,1,0,0,0,0,0,0,0,0,1,1,0,0,0,0,0,0,1,1,1,0,0,0,0,0,0,0,0,0,1,0,0,0,0,0,0,0,0,1,0,0,0,0,0,0,1,0,1,0,0,1,0,0,0,0,0,1,1,0,0,1,0,1,0,0,0,1,0,0,1,0,1,0,0,1,1,0,0,0,0,0,0,0,0,1,0,0,0,0,1,0,1,1,0,0,0,1,0,0
8000,13000,"岗位职责描述 ？？1、负责h5、app、web网站开发及维护，对网站的问题，能积极快速解决2、能独立分析需求，并在充分理解需求后完成代码编写工作3、对新技术有追求，有创新想法，好的技术框架能积极引入到项目中4、对安排的开发任务能按时按质完成，并配合测试迭代上线？ ？任职资格 ？工作经历？？1、2年以上java开发经验？？2、互联网行业开发经历优先技能？1、计算机或相关专业国家统招本科及以上学历；？2、熟练掌握html5/js/angular2/jquery等技术，熟悉cordova、ionic2优先；？3、2年以上java web,微信应用开发经验, 精通java，熟练掌握servlet/jsp/jms/spring/mybatis等技术；？？4、具有良好的团队精神，表达和沟通能力好；？5、能自立自强、业余好学善专研？？ ？",0,1,0,1,0,0,0,0,0,0,0,0,0,0,0,1,0,1,1,0,0,1,0,1,1,0,1,0,0,0,0,0,0,0,0,0,1,0,0,0,0,1,0,1,0,1,0,0,0,1,0,0,0,0,0,0,1,0,0,0,0,0,0,1,0,0,1,1,1,1,1,1,0,0,0,0,0,0,0,0,0,0,1,1,0,0,0,0,0,0,0,0,0,0,1,0,0,0,1,0,0,1,0,0,0,0,0,0,0,0,1,1,0,0,0,0,0,0,1,1,1,0,0,0,0,0,0,0,0,0,1,0,0,0,0,0,0,0,0,1,0,0,0,0,0,0,1,0,1,0,0,1,0,0,0,0,0,1,1,0,0,1,0,1,0,0,0,1,0,0,1,0,1,0,0,1,1,0,0,0,0,0,0,0,0,1,0,0,0,0,1,0,1,1,0,0,0,1,0,0
15000,20000,"职位描述：岗位描述：开发和维护网站平台网页应用的前端部分1）与产品经理、交互设计师、视觉设计师协作完成页面制作；2）与后台开发工程师协作，完成各种数据交互、动态信息展现和用户的互动；3）维护及优化前端页面性能。岗位要求：1）精通 javascript，能够脱离类库编写实现各类功能的原生 javascript 代码；2）熟练使用各种 web 技术：html/css/json/xml,seo等，具备较强的英文阅读能力；3）熟悉各主流浏览器之间的兼容性问题及解决方案；4）深刻理解web标准，对可用性、可访问性等相关知识有实际的了解和实践经验；5）熟悉各种 web 优化技术并有过具体实践；6） 熟悉bootstrap，能够根据应用场景选择最优技术；7）对前端技术有持续的热情,个性乐观开朗,逻辑性强,善于和各种背景的人合作。加分项：1）chrome/firefox/opera/safari 扩展开发经验；2）html5/css3；3）移动设备 web 开发经验；4）美工基本功扎实，用户体验理解深刻。",0,0,0,0,0,1,1,1,1,0,0,0,0,0,0,0,1,1,1,0,1,1,1,0,1,1,0,0,0,0,0,0,0,0,0,0,0,0,0,0,0,0,0,0,0,0,0,0,0,1,0,0,1,0,0,0,0,0,0,0,1,0,1,0,1,0,1,0,0,0,0,0,1,0,1,1,1,0,1,1,1,0,0,0,1,0,1,1,1,1,1,0,0,1,0,0,0,0,1,0,1,1,0,1,0,0,1,0,0,0,0,0,0,0,1,1,1,0,0,0,1,0,1,0,0,0,1,0,0,0,0,0,0,0,1,1,0,0,0,0,0,1,1,0,0,0,0,0,1,1,0,1,0,1,0,0,1,0,1,0,0,1,0,1,1,1,1,1,1,0,0,0,1,1,0,0,0,0,1,1,1,1,0,0,0,0,1,0,1,0,0,0,1,0,0,0,1,0,0,0
10000,15000,"职位描述：？1，负责主线产品web系统和app等前端html5页面的开发和优化；？2，持续的优化前端体验和页面响应速度，并保证兼容性和执行效率；？3，负责前端产品和页面制作，根据ui设计图完成html5应用编码；？4，配合开发工程师一起研讨技术实现方案，进行应用及系统整合；？5，测试维护并持续化现有产品，提高前端的用户体验及性能；任职要求：？1，熟悉html5/css3标准，精通javascript？2, ？掌握hbuilder混合app开发，熟悉es6等新特性？3，掌握webpack/gulp/parcel等工具，配合vue/react全家桶以及less/sass工程化开发加分：？1，有活跃更新的博客和github？2, ？掌握或了解其他后端语言，和node/go/java/php？3, 理解过px,js,函数式编程，基于数据流响 应编程等概念",0,0,0,1,0,0,0,1,1,0,0,1,1,0,1,0,0,1,1,0,1,1,1,0,1,0,0,1,0,0,0,1,0,1,0,1,0,1,0,0,1,0,0,1,1,1,1,0,0,1,1,0,0,0,0,0,0,0,0,0,0,0,1,0,0,0,0,0,0,0,1,0,1,0,1,0,0,0,1,1,0,0,0,0,1,0,0,0,0,0,0,1,1,0,0,0,0,0,1,0,1,0,1,1,0,0,0,0,0,0,0,0,0,0,0,1,0,1,0,1,1,1,1,0,0,0,1,0,1,0,0,0,0,0,1,1,0,0,0,0,0,0,0,0,0,1,0,0,1,1,0,0,0,0,0,0,0,0,1,1,0,0,0,1,0,0,1,0,0,0,0,0,0,0,0,0,0,0,0,1,0,0,0,1,0,1,0,1,0,0,1,0,0,0,0,0,1,0,0,0
8000,10000,"职位描述1、负责相关产品的前端ui与交互开发；2、完成页面脚本程序编写、实现各类页面动态、交互效果,根据需求调整、修改、优化页面；3、与设计师、产品紧密配合，实现产品ui和交互方面的开发需求，确保产品具有优质的用户体验与良好的兼容性；4、协同后台开发人员完成项目。职位要求1、1年以上web前端开发经验, 对web前端技术领域有浓厚兴趣；？2、精通html5/css3技术，熟悉页面结构和布局；？3、 精通javascript、ajax等web开发技术，熟练掌握javascript前端框架（react/vue/backbone/ember等）开发技术，熟悉常规函数/对象、dom操作和事件处理机制等；4、对javascript性能，多浏览器兼容性、面向组件开发有独到的解决方案，对前端加载流和渲染流程有深入的了解；5、良好的编码习惯、沟通协作能力和学习能力。",1,0,0,0,1,0,0,1,1,0,1,0,0,0,0,0,0,1,1,0,1,1,1,0,0,0,0,0,0,0,0,0,0,0,0,0,0,1,0,0,0,0,0,1,1,0,1,0,0,1,0,0,0,0,0,0,0,0,0,0,0,1,1,0,1,1,0,1,0,0,0,0,1,0,1,0,0,0,1,1,0,0,0,0,0,1,0,0,1,0,1,0,0,0,0,0,1,1,1,0,1,0,0,0,1,0,0,1,1,0,0,0,0,0,0,1,0,0,0,1,1,0,0,0,0,0,1,1,0,0,0,0,0,0,0,1,0,0,0,1,1,1,1,1,0,0,0,0,0,1,0,1,0,0,1,0,0,0,1,0,1,1,1,0,0,0,1,1,0,0,1,0,1,1,0,0,0,0,0,1,1,0,0,0,0,1,0,0,0,0,1,0,0,1,0,0,1,1,1,0
10000,15000,1、专科以上学历2、3年以上前端开发经验；3、精通html、css、javascript、ajax等网页制作技术4、熟练掌握html5、css3、javascript最新api，并灵活运用到项目中，有响应式页面开发经验；5、有运用vue/bootstrap/react框架等技术经验优先；6、工作勤奋主动，有责任，具有良好的沟通能力，团队精神；7、具备良好的服务意识、责任心、较,1,0,0,0,0,1,1,1,1,0,0,0,0,0,0,0,0,1,1,0,1,1,1,0,0,0,0,0,0,0,0,0,0,0,0,0,0,1,0,0,0,0,0,1,0,0,1,0,0,0,0,0,0,0,0,0,0,0,1,0,0,0,0,0,0,0,0,1,1,0,0,1,0,0,0,0,0,0,0,0,0,0,0,0,1,1,0,0,0,0,0,0,1,0,1,0,0,0,0,0,0,0,0,0,0,0,0,0,0,0,0,0,0,0,0,0,0,0,0,1,0,0,0,0,0,0,0,0,0,0,0,0,0,0,0,0,0,0,0,1,0,0,0,0,0,0,0,0,0,0,0,0,0,0,0,0,0,1,1,0,0,1,0,0,1,0,0,1,0,0,1,0,0,0,0,0,0,0,0,0,0,0,0,0,0,0,0,0,0,0,0,0,0,0,0,0,1,1,0,0
15000,20000,岗位职责1、负责公司业务系统前端架构设计和技术选型；2、负责业务系统web前端页面开发以及交互的技术设计、开发、代码优化等；3、负责前端框架、组件的设计、开发与推广；4、分析业务需求，根据业务需求和交互设计稿设计并输出高保真视觉效果图；5、了解新兴技术的最新情况。技能特长要求1、计算机及相关专业毕业，大学本科以上学历，3年以上前端开发经验；2、精通javascript，掌握javascript语言核心技术dom、bom、ajax、json等，精通jquery/zepto，深刻理解其原理；3、精通mvc及相关设计模式，熟悉模块化开发，前端编译和构建工具，熟练运用主流的js 库和开发框架，并深入理解其设计原理。如vuejs， reactjs；。4、熟悉html5、css3开发，能完成基本的页面重构工作；5、具备敏锐的观察力，能紧跟web前端发展趋势，对设计、互联网产品趋势熟悉者佳；6、具备良好合作态度及团队精神，并富有工作激情、创新欲望和责任感，能承受高强度的工作压力。7、熟悉photoshop、illustrator、axure等界面设计工具的使用；,1,0,0,0,0,0,0,1,1,0,1,0,0,0,0,0,0,1,1,0,1,1,1,1,1,1,0,0,1,1,0,0,0,0,0,0,1,1,1,0,0,0,0,1,0,0,1,1,0,1,0,0,0,0,0,0,1,0,0,0,1,0,1,1,1,0,1,1,1,0,0,0,1,0,0,1,0,0,0,0,0,0,1,1,0,1,0,0,0,1,0,0,0,0,1,0,0,0,1,0,0,1,0,0,0,0,0,0,0,0,0,0,0,0,0,0,0,0,1,1,0,0,0,0,0,0,0,0,0,0,1,1,1,1,0,1,1,1,1,0,0,0,0,1,0,0,0,0,1,0,1,1,0,0,0,0,0,1,1,1,1,1,0,0,0,0,0,0,0,0,1,0,0,0,0,1,1,0,0,1,0,0,0,1,0,1,0,0,0,0,0,1,0,1,0,0,1,0,0,0
8000,15000,岗位职责：1.负责公司web前端的设计、编码、内部测试和相关技术文档的拟订；2. 完成前端ui样式开发和交互开发，配合产品人员和后台开发人员进行应用及系统整合；3. 收集用户需求，持续的优化前端用户体验，提升web界面的友好和易用性。4. 主导前端架构设计，构建高效的前端框架提高开发效率。5. 熟悉前后端分离开发模式能对浏览器的性能调优。任职要求：1、计算机或相关专业本科以上，至少 2年以上web前端开发或ui设计工作经验。2、精通xhtml/xml、css、html5/css3，熟悉页面架构和布局，对表现与数据分离、web语义化等有深刻理解。3、熟悉javascript、ajax、dom等前端技术，至少熟练使用一种javascript框架(jquery，bootstrap，vue等前沿框架)、dw进行开发。4、熟悉前后端分离开发模式，能对浏览器的性能调优。5、深刻理解web标准，对可用性，可访问性等相关知识有实际的了解和实践经验。6、有app、微信公众号、微信小程序应用开发的经验。7、有良好的审美意识和美术基础。加入润诚达，您将获得：1、一经录用，公司提供优于同行业水平优厚待遇；基本工资+绩效工资+奖金+丰富的福利；2、五险一金；3、每周5天*8小时工作时间，周末双休；4、享受各类法定有薪假期，婚假、产假、丧假、年假等；5、提供通讯补助、交通补助、带薪旅游、补充商业险、定期体检；6、丰富多彩的员工活动、下午茶点、羽毛球/足球活动、员工生日party及节假日福利等；7、公平的晋升机会及良好的职业发展平台；8、轻松、自由的团队氛围，开放式的管理理念。,1,0,0,1,0,1,1,1,1,0,1,0,0,0,0,0,0,1,1,0,1,1,1,1,0,0,0,0,0,0,0,0,0,0,0,0,1,0,0,0,0,0,0,1,1,0,1,0,0,1,0,1,1,0,1,0,1,1,0,1,0,0,1,0,1,1,0,1,0,0,1,0,1,0,1,1,0,1,0,0,0,0,0,0,0,1,0,0,1,0,1,1,0,0,1,1,0,0,1,0,0,1,0,0,1,0,1,1,0,0,1,0,0,0,0,1,0,0,0,0,0,1,1,0,1,0,0,0,0,0,1,1,1,1,1,0,0,0,1,0,0,1,1,0,0,0,0,0,1,1,1,1,0,0,1,0,0,0,1,1,0,1,0,0,0,0,0,0,0,1,1,0,0,0,0,1,1,0,0,1,0,1,1,0,0,1,0,1,0,0,1,0,0,1,0,0,1,0,0,0
15000,25000,岗位职责：1、负责产品前端（pc、h5和微信公众号）页面和前端组件核心代码研发编写和维护工作，参与日常产品特性的讨论，评估项目的可行性；2、参与技术难题的攻关，解决系统性能及数据安全等问题；3、前端项目框架的搭建，以及代码的实现任职要求：1.？深入掌握前端相关原理2.？精通javascript、ajax、jquery、html、css等前端技术，精通vue开发框架优先；3.？具有参与大中型web项目开发经验；4.？熟悉http协议，对后端开发工作流程有一定了解；5. 加分项：熟悉微信公众号及小程序开发，node.js，了解nginx等web服务器配置；6. 4年及以上相关工作经验，大专及以上学历。,1,0,0,0,0,0,0,1,0,0,0,0,0,0,0,1,0,1,0,1,1,1,1,1,1,0,0,0,0,0,0,1,0,0,1,0,1,0,0,0,0,0,0,1,0,0,1,0,0,1,0,0,0,1,0,0,0,0,0,0,0,0,1,0,0,0,1,1,1,0,1,1,0,0,0,0,0,1,0,0,0,0,0,0,0,0,0,0,0,0,0,1,0,0,0,0,0,0,0,0,1,1,0,0,0,0,0,0,0,0,1,0,0,0,0,1,0,0,0,1,0,0,1,0,0,0,0,0,0,1,0,0,0,0,0,0,0,0,0,0,1,0,0,1,0,1,0,0,0,0,0,1,1,0,1,1,0,0,1,1,1,1,0,1,0,0,0,0,0,0,0,0,1,0,0,0,0,0,0,0,0,0,0,0,0,1,0,0,0,0,0,0,1,0,0,0,1,1,0,0
12000,18000,职位描述：？岗位职责：1、参与公司各web项目、微信公众号项目前端界面展示和界面逻辑的设计和实现；2、负责产品技术架构的改进，性能优化；3、与后端开发人员配合，高质量完成系统前端界面的开发工作。任职要求：1）大学专科及以上学历，计算机相关专业，3年+工作经验；？2）熟悉angular？、vue任意一种前端框架；对前端工程化、组件化、模块化有丰富的实践经验；？？？有在andriod、ios平台下web开发经验；有构建打包工具（grunt？、gulp、webpack）的使用经验优先；3）会web或app端相关页面重构、开发；精通html5，css，javascript、jquery，熟悉bootstrap、echarts相关技术，会运用html5构建app端web应用优先；4）有java基础、微信公众号开发经验优先。？,0,1,0,1,0,1,1,1,0,0,0,0,0,1,1,0,0,1,1,0,1,1,1,1,0,0,0,0,0,0,0,0,0,1,0,0,1,0,0,0,0,0,0,1,0,1,1,0,0,1,1,0,0,0,1,0,1,0,1,1,0,0,0,0,0,1,0,1,1,0,1,1,1,0,0,1,0,1,0,0,0,0,0,0,0,0,0,0,0,0,0,1,0,0,0,1,0,0,1,0,1,1,1,0,0,0,1,1,0,0,1,0,0,0,0,1,0,0,0,0,1,0,0,0,0,0,0,0,0,0,0,1,1,0,0,0,1,1,0,0,0,0,0,0,0,0,0,0,0,0,1,1,0,0,0,0,0,0,1,1,1,1,0,0,0,0,1,0,0,0,0,0,0,0,0,1,1,1,0,1,0,0,0,0,0,1,0,0,1,0,1,1,0,0,0,0,1,1,0,0
15000,30000,"岗位职责1、负责业务系统pc端的前端开发2、负责业务系统移动端app开发3、负责业务系统微信公众号及小程序的前端开发4、负责前端框架与基础库的设计及实现岗位要求1、对前端技术有浓厚兴趣，乐于研究探索新技术；2、熟悉w3c标准网站构建，有构建高性能网站应用相关经验；3、精通javascript及主流js框架，具备一定的框架建设能力；4、熟悉html5,css3等技术，能够完成页面重构工作；5、熟悉各浏览器平台特性，能够很好的解决兼容问题；6、对http协议有深刻理解；7、对常见的web性能问题安全问题有一定了解，并有相关的实践经验；8、精通vue.js前端框架,熟悉webpack开发build模式；9、3年以上的android\ios开发实战经验；10、熟悉tcp、udp、http、ftp等网络协议，熟悉多线程、socket网络编程者优先；11、学习能力强，具备良好的问题定位、分析及解决能力；12、责任心强，有良好的沟通和团队协作能力及较强的抗压能力.",0,0,0,1,0,0,0,1,1,0,0,0,0,0,0,0,0,1,1,1,1,1,1,0,1,0,0,0,0,0,0,0,0,1,1,0,0,0,0,0,0,0,0,1,1,0,1,0,1,1,1,0,0,1,0,0,0,0,0,0,1,0,1,0,0,0,0,1,0,0,0,1,0,0,0,0,0,1,1,0,0,1,1,0,0,1,0,0,0,0,0,0,0,0,1,1,0,1,1,1,1,1,0,0,0,0,1,0,0,0,1,0,0,0,0,1,0,0,0,0,0,0,0,0,0,0,0,0,0,0,0,1,0,0,1,0,0,0,1,1,0,1,1,0,0,1,0,0,1,0,0,1,0,1,1,0,0,0,1,1,0,1,0,0,0,0,0,1,1,0,1,0,1,0,0,0,0,0,0,1,0,0,0,0,0,1,1,0,0,0,0,1,1,0,0,0,1,0,0,0
15000,20000,"？岗位职责1. 参与软件的完整生命周期，包含需求、设计、编码、测试、部署2. 对软件持续进行优化与演进，包含组件化，流程自动化等3. 研究新技术，将新技术在产品中变现4. 进行技术攻关，解决紧急问题5. 将业务与技术进行文档化，形成沉淀工作要求1. 大专以上学历，计算机、信息技术相关专业2. 三年以上前端开发经验，熟练掌握javascript/html/css，熟练掌握其他任意一门语言3. 熟练使用html5相关对象，如video,canvas,blob等4. 熟练使用reactjs/angularjs/vuejs中的一种，优先考虑reactjs5. 熟练使用es6以及相应打包工具如：webpack、gulp6. 具备主动性，能够快速将所学技术在业务领域变现7. 具备独立完成整个项目的能力，能够快速定位问题8. 具备团队协作精神，有高度责任心，有良好的编码规范",0,1,1,0,0,0,0,1,0,0,0,1,1,0,1,0,0,1,1,0,1,1,1,0,1,0,0,0,0,0,0,0,0,1,0,0,0,1,1,0,0,0,0,1,0,1,1,1,0,1,1,0,0,0,1,1,1,0,0,0,0,0,0,0,0,0,0,1,1,0,0,1,1,0,0,1,1,0,0,0,0,0,0,0,0,1,0,0,0,0,0,0,0,0,1,0,0,0,1,1,0,1,0,0,0,0,0,0,0,0,0,1,0,0,0,0,0,0,0,1,0,0,0,0,1,0,0,0,0,0,0,0,0,0,0,0,0,0,0,0,1,0,0,0,0,0,1,0,0,0,0,1,0,0,0,0,0,1,0,0,1,1,0,0,0,0,0,1,1,0,1,1,1,0,0,1,1,0,0,1,0,0,0,1,0,0,0,1,0,0,0,0,1,1,0,0,0,1,1,0
10000,15000,"工作职责：1、独立承担web前端开发任务，负责公司前端产品组件的设计、规划及开发；2、利用html/css/javascript/html5等各种web技术进行产品的界面开发；3、整体页面结构及样式层结构的设计、优化；4、制作标准优化的代码，并增加交互动态功能；5、进行丰富互联网的web开发，致力于通过技术改善用户体验；6、主导讨论制订web前端框架；岗位要求：1、本科及以上学历，3年以上开发经验；2、精通html/xhtml、css等网页制作技术，熟悉页面架构及布局,能熟练运用div+css来制作符合w3c规范的静态页面；3、精通ajax、javascript、xml、dom、dhtml等前端技术，使用过jquery、ext、dojo、prototype等js框架的至少一种，能手写符合w3c标准、兼容多种浏览器的前端页面代码；4、熟悉ajax以及json，xml等数据交换格式；5、熟悉http协议；6、熟悉jsp、java开发语言；7、熟悉react、nodejs 是加分项；8、有较强的书面表达能力和口头沟通能力；",1,0,0,0,0,0,0,1,0,1,1,0,0,0,0,0,0,1,1,1,1,1,1,1,1,1,1,0,0,0,0,1,1,0,0,0,1,1,0,0,0,0,0,1,0,0,0,0,1,1,0,1,1,0,1,0,0,0,0,1,0,0,0,1,1,0,1,1,1,1,0,0,1,0,1,1,0,0,1,0,0,0,0,0,1,1,1,1,0,0,0,0,0,0,0,0,0,0,0,0,0,1,0,0,1,0,0,0,0,0,0,0,0,0,0,0,0,0,0,0,0,0,1,0,0,0,0,0,0,0,1,0,1,0,1,0,0,0,0,1,0,1,1,0,0,0,1,0,0,1,1,0,0,0,0,0,0,0,1,0,1,1,1,0,1,0,0,1,0,1,0,1,0,0,0,0,0,0,0,1,0,0,0,1,0,1,1,1,0,0,0,0,0,0,0,0,1,0,0,0
10000,15000,岗位职责：1、负责软件系统的前端框架的代码管理及网站html5、css、js开发工作。2、解决终端浏览器及终端系统之间的兼容性问题。3、维护及优化产品前端页面性能，不断的实现更好的交互体验。任职要求：1、计算机相关专业本科以上学历，三年以上前端工作经验。2、精通html、css、js、jquery等技术，熟悉页面架构和布局。3、熟练使用vue 2框架，了解angular、react等前端主流mvc/mvvm框架。4、熟悉webpack等前端自动化构建工具。5、具备go等后端开发相关经验的优先考虑。6、有良好的代码编写习惯，有良好的自学能力，独立分析和解决问题的能力。,0,1,0,0,0,0,0,1,0,0,0,0,0,0,0,0,0,1,1,0,0,0,0,1,1,0,0,0,1,1,0,0,0,1,0,0,1,1,0,0,0,0,0,1,0,1,1,0,0,1,1,0,0,0,0,1,1,1,0,0,1,1,1,0,1,0,1,1,1,0,1,1,1,0,1,1,0,0,1,1,1,0,1,0,0,0,0,0,0,0,0,1,0,0,0,0,0,0,0,0,1,1,0,0,1,0,0,0,0,0,0,0,0,0,0,1,0,0,0,0,0,0,0,0,0,0,0,0,0,0,1,1,1,0,0,0,0,0,0,0,0,1,1,0,0,0,1,0,0,0,0,1,0,0,0,0,0,0,1,1,0,1,0,1,0,0,0,1,0,0,1,0,1,0,1,1,1,1,0,0,0,0,0,0,0,1,0,0,0,0,0,0,1,0,0,0,1,0,0,0
8000,15000,岗位职责：负责项目界面原型设计、网站平台前端页面模板和用户交互设计岗位要求：1. 三年以上web前端开发经验，计算机相关专业，本科以上学历；2. 熟练掌握html5/javascript/css等前端技术，熟悉w3c规范，能熟练编写具有良好风格规范的html+css代码；3. 精通javascript及主流前端框架，如vue/angular/bootstrap/react，具备一定的框架设计能力；4. 熟悉各种浏览器平台特性，能很好解决兼容问题；5. 熟悉移动端web开发;6. 对常见的web性能问题、安全问题有一定了解，并有相关的实践经验；7. 有大型项目的前端架构设计经验，精通http协议，能根据项目需要合理设计缓存策略，并能熟练掌握主流的性能优化方法；8. 责任心，优秀的团队合作精神，良好的沟通表达和逻辑分析能力；,0,1,0,0,0,1,1,1,0,0,0,0,0,0,0,0,0,1,1,1,1,1,1,0,0,0,0,0,0,0,0,0,0,0,0,0,0,1,0,0,0,0,0,1,0,1,1,0,1,1,0,0,0,1,0,1,1,0,0,0,1,0,1,0,1,0,1,1,1,0,0,0,1,1,0,0,0,0,1,0,0,1,1,0,0,1,0,1,0,1,0,0,0,0,1,0,0,0,0,0,0,1,0,0,0,0,1,0,0,0,0,0,0,0,0,1,0,0,0,1,0,0,0,0,0,0,0,0,0,0,1,0,1,1,0,1,0,0,0,1,0,1,1,0,0,1,0,0,0,1,1,1,0,1,0,0,0,1,1,0,0,1,0,0,0,0,0,1,0,0,1,1,1,0,0,1,1,1,0,1,0,0,0,0,0,1,0,0,1,0,0,0,1,0,1,0,1,1,0,1
10000,15000,负责工作相关产品的页面开发及维护；？ ？ 2.web前端技术topic研究；？ ？ 3.web产品改进和优化;？ ？ 4.web前端方案的指定和试试。,0,0,0,0,0,0,0,0,0,0,0,0,0,0,0,0,0,0,0,0,0,0,0,0,0,0,0,0,0,0,0,0,0,0,0,0,0,0,0,0,0,0,0,0,0,0,0,0,0,1,0,0,0,0,0,0,0,0,0,0,0,0,0,0,0,0,0,0,0,0,0,0,1,0,0,0,0,0,0,0,0,0,0,0,0,0,0,0,0,0,0,0,0,0,0,0,0,0,0,0,0,0,0,0,0,0,0,0,0,0,0,0,0,0,0,0,0,0,0,0,0,0,0,0,0,0,1,0,0,0,0,0,0,0,0,0,0,0,0,0,0,0,0,0,0,0,0,0,0,0,0,1,0,0,0,0,0,0,0,0,0,0,0,1,0,0,0,0,0,0,0,0,0,0,0,0,0,0,0,0,0,0,0,0,0,1,0,0,0,0,0,0,0,0,0,0,1,0,0,0
7000,14000,"？职位描述：1、依据产品需求和ui设计完成高质量的web前端开发和维护；2、解决web前端页面在各浏览器的兼容性问题；3、根据交互需求，完成相应javascript编写；4、负责优化网站在浏览器中的加载速度，优化网站访问体验；5、配合开发运用javascript、ajax实现web页面和服务器端的异步交互；6、结合自己在产品和交互方面的认识，对具体业务功能的实现提出更优方案；任职要求：1、计算机相关专业及以上学历,1年以上前端开发经验；2、熟练掌握html、css、javascript、ajax等前端技术;3、熟悉针对主流浏览器的代码兼容及优化;4、具备良好的代码编程习惯及较强的文档编写能力；5、具备强烈的进取心、求知欲及团队合作精神，有较强的沟通及协调能力,能积极面对压力；具有以下能力者优先考虑：？1、有移动设备开发经验的优先；2、了解1种以上服务端语言（php/asp/.net/jsp等）；3、有前端性能优化经验"" ？4、熟练掌握jquery，vue.js、bootstrap等前端框架；5、熟悉es6、less、webpack, 理解模块化开发；？",1,0,0,0,0,1,1,1,0,0,0,1,1,0,0,0,0,1,0,0,1,1,1,1,1,0,1,1,0,0,0,0,0,1,0,1,1,0,0,0,0,0,0,1,1,0,1,0,0,1,1,0,0,0,0,0,1,0,0,0,1,1,1,0,1,0,1,1,1,0,1,1,1,0,1,0,0,0,1,1,1,0,0,0,0,1,1,0,0,1,0,0,0,0,1,0,0,0,1,0,1,0,0,0,0,0,0,0,0,0,0,0,0,0,0,1,0,0,0,1,1,0,0,0,1,0,1,1,0,1,0,0,0,0,0,1,1,1,0,1,0,1,1,0,0,0,0,0,1,0,0,1,0,1,0,0,0,1,0,0,0,1,0,1,0,0,1,1,0,0,1,0,1,0,0,1,1,1,1,1,0,1,0,1,0,1,1,0,0,0,1,0,1,1,0,0,1,0,0,0
5000,8000,"岗位职责：1）大专及以上学历，有无经验均可，可接受应届生；2）接受转行求职人员，由项目负责人带领上班，但要求勤奋好学，积极主动；3）热爱软件开发工作，对程序开发有浓厚兴趣；4）思路清楚，有基本的编程素质，有良好的表达与沟通能力；5）计算机、通信、电子等相关专业,熟悉c/c++/java/c#/html/php等其中一门开发语言者优先；(非此范围须通过逻辑思维能力测试及入职面试)。工作时间：早九晚六，周末双休。公司介绍靠近大学城地铁站， 交通便捷， 环境优美，空气清新",0,0,0,0,0,0,0,0,0,0,0,0,0,0,0,0,0,1,0,0,0,1,0,0,0,0,0,0,0,0,0,0,0,0,0,1,0,0,0,0,0,0,0,0,0,0,0,0,0,0,0,0,0,0,0,0,1,0,0,0,0,0,0,0,0,1,0,1,1,0,0,1,0,0,0,0,0,0,0,0,0,0,0,0,0,0,0,0,0,0,0,0,0,0,0,0,0,0,0,0,0,1,0,0,0,0,0,0,0,0,0,0,0,1,0,0,0,0,0,0,0,0,0,0,0,0,0,0,0,0,0,0,0,0,0,0,0,0,0,1,0,0,0,0,0,0,0,1,0,0,0,1,0,0,1,1,0,0,0,0,0,1,0,0,0,0,0,1,0,0,1,0,0,0,0,1,1,0,0,0,0,0,0,1,0,1,0,0,1,1,0,0,0,0,0,0,0,1,0,0
30000,60000,"岗位职责：1、设计和开发支撑今日头条公司运行的核心系统，包括企业协同办公工具、智能便捷高效的服务系统、合同管理系统、审批流等等；2、负责高质量的设计和编码；3、承担重点、难点的技术攻坚；4、主要组件: reactjs, electron等。任职资格：1、3年及以上web前端开发经验；2、良好的设计和编码品味，热爱写代码能产出高质量的设计和代码；3、掌握web前端开发技术: javascript(含es6)、html、css、dom、协议、安全等；有良好的产品意识；4、积极乐观，认真负责，乐于协作。补充：整体待遇堪比t公司？ tilie salary opening",0,0,0,0,0,0,0,1,0,0,1,1,1,0,0,0,0,1,0,0,1,1,1,0,1,0,0,0,0,0,0,0,0,0,0,0,0,1,1,0,0,0,0,0,0,0,0,0,0,1,0,0,0,0,0,0,0,0,0,0,0,0,0,0,0,0,1,1,0,0,1,0,0,0,0,0,0,0,0,0,0,0,0,0,0,1,0,0,0,0,0,0,0,0,0,0,0,0,0,0,0,1,0,0,0,0,0,0,1,0,0,0,0,0,0,0,0,0,0,1,0,0,0,0,0,0,0,0,0,0,0,0,0,0,0,0,0,0,0,0,0,0,0,0,0,0,0,0,0,0,0,0,0,0,0,0,0,0,0,1,1,1,0,0,0,0,0,0,0,0,1,0,0,0,0,0,0,0,0,1,0,0,0,0,0,1,0,0,0,0,0,0,0,0,0,0,0,0,0,0
10000,15000,"技能要求：1、熟悉web语义化，掌握盒模型、常用布局以及浏览器兼容性，能完全还原ui稿的设计2、具有5年以上web前端开发经验，熟练掌握javascript、ajax、css、html等web开发领域相关技术3、精通jquery，掌握 angularjs 前端框架4、深入理解w3c标准与es规范,能熟练解决浏览器兼容和性能问题5、熟悉模块化开发，掌握webpack、gulp、fis3、grunt等至少一种构建工具的使用技能6、熟练使用各种调试抓包工具，能独立分析、解决和归纳问题7、懂angular 5经验优先",1,1,1,0,0,0,0,1,0,0,0,1,0,1,1,0,0,1,0,0,1,1,1,1,1,0,0,0,0,0,0,0,0,1,0,0,1,0,0,0,0,0,0,1,1,1,0,0,1,1,1,0,0,0,1,0,0,0,0,0,0,0,0,0,0,0,0,1,0,0,0,1,0,0,0,1,0,0,1,1,0,0,1,0,0,1,0,1,0,0,0,0,0,0,0,0,0,0,0,0,0,0,0,0,1,1,0,0,0,0,0,0,0,0,0,1,0,0,1,1,0,0,0,0,0,0,0,0,0,0,0,1,0,0,1,0,1,1,0,0,0,1,1,1,0,0,1,0,1,0,0,1,0,0,0,0,0,0,1,0,0,1,0,0,0,0,0,0,0,1,0,1,1,0,0,0,0,0,0,1,0,0,1,0,1,0,0,0,0,0,0,0,1,0,0,0,0,0,1,0
10000,15000,岗位职责：1、负责平台以及门户网站相关的前端内容和服务；2、负责微信/支付宝公众号小程序等开发；3、负责车载设备端前端页面内容和服务。任职要求：1、熟练掌握前端开发的技术中的一项或几项：jquery/react / rn / vue / nodejs / electron / es6 / angular/ html5/ css等；2、熟练使用web前端构建工具，了解前端项目模块化解决方案；3、熟练掌握javascript 编程语言，能够合理利用设计模式和模块化的组织方式对代码进行架构；5、良好的沟通能力，高效的团队协作能力，对各种前端新兴技术有敏锐的洞察力。,0,1,0,0,0,0,0,1,0,0,0,1,1,0,0,0,0,1,1,0,1,1,1,1,1,0,0,0,0,0,0,1,1,0,0,0,1,1,0,1,0,0,0,1,0,1,1,0,0,1,0,0,0,0,0,0,0,0,0,0,0,0,1,0,0,0,1,0,0,0,1,0,0,0,0,1,0,1,0,0,0,0,0,0,0,1,0,1,0,0,0,0,0,0,1,0,0,0,0,0,0,1,0,0,0,0,1,0,0,0,1,0,0,0,0,0,0,0,0,1,0,0,0,0,0,1,1,0,0,0,0,1,1,0,0,0,1,1,1,1,0,0,0,0,0,0,0,0,0,0,0,1,0,0,1,0,0,0,0,0,0,0,0,0,0,0,0,1,1,0,1,0,1,1,0,0,0,0,1,1,0,0,0,1,0,1,0,1,0,0,0,0,0,0,0,0,1,1,0,0
12000,18000,岗位职责：1、精通html/html5、css/css3、javascript，能够手写页面代码，有移动设备前端应用开发经验；？2、深入理解w3c标准，掌握盒模型、常用布局以及浏览器兼容性；？3、喜欢钻研和关注前沿技术，计算机基础扎实；？4、能提供成功的移动端项目案例，有html5交互微课经验优先。 ？ ？任职要求：1、根据开发需求独立完成html5交互课件网页代码的编写；2、对市场最热最新的html5课件工具、云端工具等进行研究；3、对移动端创新性课件项目提供网页技术支持；4、负责整理记录课件开发过程的所有技术文档，并归档。,0,0,0,0,0,0,0,1,1,0,0,0,0,0,0,0,0,1,1,0,1,1,1,0,0,0,0,0,0,0,0,0,0,0,0,0,0,0,0,0,0,0,0,0,0,0,0,0,1,0,0,0,0,0,0,0,0,0,0,0,0,0,0,0,1,0,1,0,0,0,1,1,0,0,0,0,0,0,1,1,0,0,0,1,0,0,0,0,0,0,0,0,0,0,0,1,0,0,1,0,0,1,0,0,1,1,0,0,0,0,0,0,0,0,0,0,1,0,0,1,0,0,0,0,1,0,0,0,0,0,0,0,0,0,1,1,0,0,0,0,0,1,1,1,0,0,1,0,1,0,0,0,0,1,0,0,0,0,1,0,0,1,0,0,1,0,0,0,1,0,0,0,0,0,0,1,1,0,1,0,0,0,0,0,0,1,0,1,0,0,0,0,0,1,0,0,1,1,0,0
8000,12000,"1，三年以上工作经验，有大型网站开发经验优先。2，掌握html5/javascript/css3等前段必备基础。3，熟悉微信公众号，微信小程序开发，会hybridapp,react native等移动开发更佳。4，有vue,augular框架使用经验。5，会css预编译，less、sass、stylus中的一种。6,了解node.js基本api7,会使用grunt等打包工具8，对浏览器兼容器性有处理经验9，对工作充满激情，不散漫，不拖沓，有良好的自我学习能力，善于自行解决问题",0,0,0,1,0,0,0,1,1,0,0,1,0,1,0,0,0,1,1,0,1,1,1,0,1,0,0,1,0,0,0,1,0,0,0,0,0,1,0,0,1,0,0,1,0,1,1,0,0,0,0,0,0,0,1,1,0,0,0,0,0,0,1,0,0,0,0,1,0,0,0,1,0,0,0,1,0,1,1,0,0,0,0,0,0,0,0,0,0,0,0,0,0,1,0,1,1,1,0,0,0,0,0,0,0,0,0,0,0,0,1,0,0,0,0,0,0,0,0,1,0,0,0,0,0,0,0,0,0,0,0,0,0,0,0,0,0,0,0,0,0,1,1,0,0,0,0,0,0,0,0,0,0,1,1,1,0,0,0,0,0,1,0,0,0,0,0,1,0,0,1,0,1,0,1,0,0,0,0,0,0,0,0,0,0,0,0,0,0,0,0,0,1,0,0,0,0,0,0,0
20000,25000,【岗位职责】1、负责公司前端开发工作；2、持续关注新技术，从其中选择适合我们的技术并应用其改进我们的产品。【任职要求】1、本科及以上学历，3年以上 h5 开发经验， 计算机、数学相关专业；2、精通html5、css3，对nodejs技术有一定了解；3、精通javascript ajax dom等前端技术，掌握面向对象编程技能、对js框架应用有一定的经验；4、熟悉常用的前端框架，如：vue.js、react.js、react native等；5、对css、javascript性能优化、解决多浏览器兼容性问题有一定的经验；6、具备良好的团队合作精神、钻研精神、学习能力、沟通能力。,1,0,0,0,0,0,0,1,1,0,1,0,0,0,0,1,0,1,1,0,1,1,1,0,1,0,0,0,0,0,0,1,1,0,0,0,0,1,0,0,0,0,0,1,0,0,1,0,0,0,0,0,0,1,0,0,1,0,0,0,0,0,1,0,0,0,0,1,1,0,1,0,1,0,0,0,0,0,1,1,1,0,0,0,0,1,0,0,0,1,0,0,0,0,1,0,0,1,0,0,0,1,0,0,0,1,0,0,0,0,0,0,0,0,0,1,0,0,1,1,0,0,0,0,0,0,0,0,0,0,1,0,0,0,0,0,0,0,0,1,0,1,1,0,0,0,0,0,0,0,0,1,0,0,0,0,0,1,1,0,0,1,0,0,0,0,0,1,0,0,1,0,1,0,0,1,1,0,0,0,0,0,0,0,0,1,0,0,0,0,0,0,1,0,0,1,0,0,0,0
10000,15000,1、熟练掌握javascript（es6）、html、css3/less语言2、熟悉react技术体系，熟练掌握基于react技术体系的web和中后台开发技术3、熟悉至少一种react组件库，如ant design4、熟练掌握node、npm、webpack、eslint等前端工程化工具5、具有基于react的组件库或工具库开发经验者优先,0,0,0,0,0,0,0,1,1,0,0,1,1,0,0,0,0,1,0,0,1,1,1,0,0,0,0,1,0,0,0,1,0,1,0,0,0,1,0,0,0,0,0,0,0,0,0,0,0,1,1,0,0,0,1,0,0,0,0,0,0,0,0,0,0,0,0,0,0,0,0,1,0,0,0,0,0,0,0,0,0,0,0,0,0,0,0,0,0,0,1,0,0,0,0,0,0,0,0,0,0,0,1,0,0,0,0,0,1,0,0,0,0,0,0,0,0,0,0,1,0,0,0,0,0,0,0,0,0,0,0,0,0,0,0,0,0,0,0,0,0,0,0,0,0,0,0,0,0,0,0,0,0,0,0,0,0,0,0,0,1,1,0,0,0,0,0,0,0,1,0,0,0,0,0,0,0,0,0,0,0,0,0,1,0,0,0,0,0,0,0,0,0,0,0,0,0,0,0,0
6000,8000,"岗位职责：1、大专以上学历，计算机相关专业；2、1-2年网页设计制作或网站前端开发工作经验；3、精通html和h5，能熟练使用div、css，jquery、ajax、javascript编写网站前端页面；4、熟练使用hbuilder、webstorm、photoshop等相关软件；5、对后端.net语言要简单了解，能根据项目需求完成前端页面制作；6、具备良好的代码书写规范，具有出色的独立工作能力，较强的执行力；7、具备良好的学习和沟通能力,思维敏捷,善于沟通和团队协作；任职要求：1、负责公司各网站项目前端页面切图及静态页面制作；2、配合前端设计完成店铺页面装修及活动专题页切图、制作；3、负责网站兼容性方面的工作，处理浏览器兼容性问题，确保网站页面在（ie/firefox/谷歌/360）主流浏览器完整正确展现；4、配合web程序工程师调整网站页面的样式及版面；5、负责网站页面动态效果展示及数据交互；6、负责网站前端代码的改进和优化，利用访问和搜索引擎收录及web应用性能优化；7、负责网站版块调整及信息更新（含后台维护）；8、完成上级领导交办的其他工作任务。",1,0,0,0,0,0,0,1,0,1,0,0,0,0,0,1,0,1,0,0,1,1,1,1,0,0,0,0,0,0,0,0,0,0,0,0,1,0,0,0,0,0,0,1,1,0,0,0,0,1,0,0,0,0,0,0,1,0,0,0,1,0,1,0,1,0,1,1,1,1,1,0,1,0,0,1,1,0,1,1,1,0,0,0,1,1,0,0,0,0,1,1,0,1,1,0,1,1,1,0,0,1,0,1,0,0,0,0,0,0,0,0,0,1,0,1,0,1,0,0,0,0,1,0,0,0,0,1,1,0,0,0,0,0,0,1,0,0,0,1,0,1,1,0,0,0,1,0,0,0,0,1,0,0,1,0,0,0,1,0,0,1,0,1,1,0,0,1,0,0,1,1,0,0,0,1,1,1,0,1,0,1,0,1,0,1,1,0,0,0,1,0,1,1,0,0,1,1,0,0
10000,20000,"岗位职责：1、负责系统web前端设计和开发交付；2、负责和周边系统前端界面集成； 3、负责前端性能优化和界面美化工作。任职要求：1.计算机及相关专业本科及以上毕业，5年以上全职web前端开发经验；独立开发经验；2.熟练各种web前端技术（html、css、javascript等）,理解web标准和兼容性，熟练跨浏览器开发；3.精通jqueryjs、bootstrap；对mv*框架（vuejs，angularjs，reactjs）其中一种有过线上项目经验；4.熟悉gulp,webpack等前端构建工具并能手动配置；5.有前端架构、前端性能、可访问性、可维护性、前端工程化等方面的实践经验，有一定的界面审美能力；6、具有企业应用、业务系统的前端开发经验并承担主要开发角色；7.具备良好的系统分析能力，良好的抽象思维和逻辑思维能力，独立分析问题、解决问题的能力；8.思维严谨，工作主动，有较强的学习创新能力，保持思路清晰及工作规范；良好的沟通和协调能力；",0,1,1,0,0,1,1,1,0,0,0,0,0,0,1,0,0,1,0,0,1,1,1,1,1,0,0,0,1,0,0,0,0,1,0,0,1,1,1,0,0,0,0,1,0,1,1,1,0,1,1,0,0,1,1,0,1,1,0,0,0,0,0,0,0,0,0,1,0,0,1,0,1,0,0,0,0,0,1,1,0,0,1,1,0,1,0,1,0,0,0,0,0,0,0,0,0,1,0,0,0,1,1,0,0,0,0,0,0,0,0,0,0,1,0,1,0,0,0,0,0,0,0,0,0,0,0,1,0,0,1,1,1,0,1,0,0,0,0,1,0,1,1,0,1,0,1,0,1,0,1,1,0,0,0,0,0,0,1,1,0,1,0,1,0,0,0,1,0,0,1,1,1,0,1,1,1,0,0,1,0,1,0,0,0,1,1,0,1,1,0,0,1,0,0,0,0,1,0,0
8000,15000,"1.？根据ui设计师提供的设计图，实现一流的web界面，优化代码并保持在各浏览器下良好的兼容性；2.？web前端表现层及与后端交互的架构设计和开发；3.？javascript程序模块开发，通用类库、框架编写；4.？配合后台开发人员实现产品界面和功能；5.？对完成的页面进行维护和对网站前端性能做相应的优化。岗位要求1.？2年以上web前端开发经验，要求有较高的javascript语言驾驭能力，能够进行面向对象/组件的前端设计和开发；2.？要求有较强的页面制作功底（美工经验等），并有一定的页面审美意识；3.？精通xhtml/html、css/css3、javascript等前端相关技术，熟悉html5/xml、w3c标准；了解ajax、jquery语言和技术；4.？对各种浏览器的兼容性有一定了解，并有相关问题的解决经验；5.？熟悉div+css/yui/mootools/dojo框架和布局；6.？熟练掌握photoshop/fireworks、dreamwaver等图像处理,？网页设计软件；7.？良好的代码书写风格。",1,0,0,0,0,0,0,1,1,1,0,0,0,0,0,0,0,1,1,0,1,1,1,1,0,0,0,0,0,0,0,0,0,0,0,0,1,0,0,0,0,0,0,1,1,0,0,0,1,1,0,1,1,1,0,0,0,0,0,0,0,0,1,0,1,1,1,1,0,0,0,0,1,0,0,0,0,0,1,1,0,0,0,0,1,1,1,1,0,0,1,1,0,0,0,0,1,0,1,0,1,1,0,0,1,0,0,1,0,0,0,0,0,0,0,1,0,0,0,1,0,0,0,0,0,0,0,0,0,0,0,0,1,1,1,1,1,0,0,0,0,1,1,0,0,0,0,0,0,0,1,1,0,0,1,0,1,0,1,0,1,1,0,1,1,1,0,1,1,0,1,0,1,0,0,0,0,0,0,1,1,0,0,1,0,0,1,1,0,0,1,0,1,0,0,1,1,0,0,1
10000,15000,"岗位职责：1、负责公司网站、商城和移端web应用前端实现；2、持续优化前端、用户体验和页面响应速度；3、参与产品ui设计及改善用户体验4、积极探索并总结前端开发模式和规范。任职要求：1、计算机或相关专业专科及以上学历，二年以上web前端开发经验，熟练掌握html5技术；2、熟悉html/xhtml、css等网页制作技术，熟悉页面架构和布局，能够解决各种浏览器兼容性问题；3、精通javascript、ajax，精通jquery等前端框架；4、具备良好的团队合作精神、较好的沟通能力、高度的责任感，具有较强的抗压能力；5、工作认真细致，有独立分析问题和解决问题的能力,有自己的见解，能主动根据业务需要，提出合理的方案，有后端开发或者协同工作经验者优先。",1,0,0,0,0,0,0,1,0,0,0,0,0,0,0,0,0,1,1,0,1,1,1,1,0,0,0,0,0,0,0,0,0,0,0,0,1,0,0,0,0,0,0,1,1,0,0,0,0,1,0,1,0,0,0,0,1,0,1,0,0,0,0,0,0,0,0,1,1,0,1,1,1,0,1,0,0,0,1,1,1,0,1,0,1,1,0,1,0,1,0,1,1,0,1,0,0,0,0,0,1,1,0,0,1,0,0,0,0,0,0,0,0,0,0,0,0,0,0,1,0,0,0,0,0,0,1,0,0,0,0,0,1,0,0,1,0,0,1,1,0,1,1,0,0,0,1,0,0,1,0,1,0,0,0,0,0,1,1,0,0,1,0,0,1,0,0,1,1,0,1,1,1,0,1,1,1,0,0,1,0,0,0,0,0,1,1,0,0,0,0,0,1,0,1,0,1,0,0,0
10000,15000,"职位描述1、 熟练掌握html5/css3及主流的javascript框架:精通vue框架，能够快速的根据原型设计进行页面开发，必须有1年以上vue的项目经验；？2、 精通echarts等图表工具；？3、 熟悉webpack、glup等前端打包工具；？4、 能熟练的使用photoshop进行切图；？5、 有良好的审美观和用户体验意识；？6、 有良好的沟通能力，有团队协作精神，能够适应较强工作压力,工作积极主动，认真负责；？7. 计算机相关专科以上学历三年以上前端专职工作经验，有金融证券行业经验优先。",0,0,0,0,0,0,0,1,1,0,0,0,0,0,0,0,0,1,1,0,1,1,1,0,0,0,0,0,0,0,0,0,0,1,0,0,0,0,0,0,0,0,0,1,0,0,1,0,0,1,1,0,0,0,0,1,0,0,1,0,1,0,0,0,0,0,0,1,1,0,0,1,0,0,1,1,0,0,0,0,0,0,0,0,0,0,0,0,0,0,0,0,0,0,1,0,0,0,0,0,0,0,0,0,0,0,0,0,0,0,0,1,0,0,0,0,0,0,0,1,1,0,0,0,0,0,0,0,0,0,0,0,0,0,0,1,0,0,0,1,0,0,0,0,0,0,0,0,0,1,0,1,0,0,0,0,0,1,1,0,0,1,0,0,0,0,1,1,1,0,1,0,0,0,0,1,1,1,0,1,0,0,0,0,0,1,1,1,0,0,0,0,0,0,0,0,1,1,0,0
10000,20000,"职位描述1. 负责公司平台前端开发工作；2. 负责产品的web前端总体架构设计，规范、标准制定，研发等；3. 负责网站产品性能和代码优化的实施；4. 与后端开发团队紧密配合，确保代码有效对接。？任职要求：1、计算机相关专业，大专及大专以上学历，3年以上web前端开发经验；2、精通html/css/javascript，熟练掌握html5/css3、jquery、ajax、json等前端开发技术，熟悉页面架构和布局；3、熟悉前端mvvm框架（reactjs/vuejs/angularjs等）；4、熟悉使用react，对组件化有深刻理解5、熟悉常用浏览器，能利用自己的经验有效地解决浏览器兼容问题和性能问题；5、熟悉常用的开发帮助工具（webpack等），熟悉java,node.js等后端言至少一种者优先；6、熟悉web应用部署、运维、性能调优、异常调试；7、良好的团队合作精神、较好的沟通能力、高度的责任感，能够根据需求，分析并给出最优的前端技术解决方案。技术要点：一定要有react项目经验，非常熟练，能独立完成项目",1,1,1,0,0,0,0,1,1,0,0,0,0,0,0,0,0,1,1,0,1,1,1,1,1,1,0,0,1,0,0,1,0,1,0,0,1,1,1,0,0,0,0,1,0,1,1,1,0,1,1,0,0,1,1,0,1,0,0,0,0,0,0,0,0,0,1,1,1,0,1,1,1,0,0,1,0,0,1,0,0,1,1,0,0,1,0,0,0,1,0,1,0,0,1,0,0,0,1,0,0,0,0,0,1,1,1,0,1,0,0,0,0,0,0,1,0,0,0,1,1,0,0,0,0,0,1,0,0,0,0,0,1,1,1,1,0,0,0,1,0,1,1,0,0,0,1,0,1,0,0,1,1,0,0,0,0,1,1,0,1,1,0,0,0,0,1,1,1,1,1,1,1,1,0,1,1,1,0,1,0,0,0,0,1,1,0,0,0,0,1,0,1,1,0,0,1,1,0,0
10000,15000,"岗位职责？：1.	负责公司智慧消防web端开发和移动端hybrid？app开发；2.	负责html5等前沿技术的研究与应用岗位要求：？1.	计算机相关专业，2年以上html5开发经验（能力强者不受此条限制）；2.	熟悉mvc框架中的一种：angularjs，backbone，react，ember等；3.	熟悉移动端页面优化与适配；4.	有独立完成的html5页面，请附案例；5.	有web？app或hybrid？app或weex？app的研发经验优先；6.	热爱互联网产品研发，有一定的创业精神和创新思想。",0,1,1,1,1,0,0,0,0,0,0,0,0,0,0,0,0,1,1,0,0,0,0,0,1,0,0,0,1,1,0,0,0,0,0,0,0,1,0,0,0,0,0,0,0,1,0,0,0,1,0,0,0,1,1,0,1,0,0,0,0,0,0,1,0,0,0,1,0,0,0,1,1,0,0,0,0,0,0,0,0,0,0,1,0,0,0,0,0,0,0,0,0,0,0,0,0,0,1,0,0,1,0,0,0,0,0,0,0,0,0,0,1,0,0,0,0,0,0,0,0,0,0,0,0,0,0,0,0,0,0,0,0,0,0,0,0,0,0,0,0,0,0,0,0,0,1,0,0,0,0,1,1,1,0,0,0,1,0,0,0,1,0,0,0,0,0,1,0,0,0,0,0,0,0,1,1,1,0,0,0,0,0,0,0,1,0,0,0,0,0,0,0,0,0,0,1,0,0,0
6500,8000,岗位职责：1.各职能部门业务客制化e化系统的开发2.hr平台日常运作管理及业务扩充3.日常作业表单的电子化签核平台开发；系统分析、设计、开发、测试、布署、上线实施4.其他第三方系统的数据传输及交互平台开发5.各类.net技术难点突破，新技术研究与应用岗位要求：1.精通c# / asp.net，对b/s开发有深刻了解，熟悉web service、wcf等技术2.熟悉css，div，javascript，jquery，ajax，linq等网站前台开发技术3.熟练掌握oracle数据库的设计和开发，熟悉tsql调校和优化4.熟悉vss、svn、tfs等代码版本管理工具5.熟悉面向对象的程序开发，具备良好的程序设计规范6.较强的学习能力和解决问题的能力7.良好的沟通和表达能力,1,0,0,0,0,0,0,1,0,1,0,0,0,0,0,0,1,0,0,0,1,1,1,1,0,0,0,0,0,0,0,0,0,0,0,0,1,0,0,0,0,0,1,1,0,0,0,0,0,1,0,0,0,0,0,0,0,0,0,0,0,0,1,0,1,0,1,0,0,0,0,0,1,0,0,0,0,0,0,0,0,0,1,0,0,0,0,0,1,0,0,0,0,0,0,0,0,1,0,0,0,1,0,0,0,0,1,0,1,0,0,0,0,0,0,0,0,0,0,1,0,0,1,1,0,0,0,0,0,0,0,0,0,0,0,0,0,0,0,1,0,0,0,0,0,0,0,0,0,0,0,0,0,0,1,1,0,0,1,1,0,0,0,0,0,0,0,1,0,0,1,1,1,0,1,0,0,0,0,1,0,0,0,0,0,0,1,0,0,0,0,0,1,0,0,1,0,0,0,0
15000,25000,岗位职责:1、根据需求和设计，进行移动端应用页面的开发和维护；2、持续优化应用开发流程提高开发效率和软件质量和维护；3、配合服务器端开发人员进行应用及系统整合。岗位要求:1、2 年以上前端开发经验，计算机相关专业优先；2、熟悉 html5、css3、javascript等前端技术；3、熟悉 vue/angularjs、bootstrap、jquery 等前端开发框架；4、有微信浏览器 h5 开发经验，会使用 git 工具；5、有微信小程序开发经验优先。,0,1,1,0,0,1,1,1,1,0,0,0,0,0,0,1,0,1,1,0,1,1,1,1,1,0,0,0,0,0,0,0,0,0,0,0,1,0,0,0,0,0,0,1,0,1,1,0,0,0,0,0,0,0,0,0,1,0,0,0,0,0,0,0,0,1,0,1,0,0,0,1,1,0,0,1,0,0,0,0,0,0,0,0,0,1,0,0,0,0,0,0,0,0,0,0,0,0,0,0,0,1,0,0,0,0,0,1,0,0,1,0,0,0,0,0,0,0,0,0,0,1,0,0,0,0,0,0,0,1,0,0,0,0,0,1,0,0,0,0,1,1,1,0,0,0,0,0,0,0,0,1,0,1,1,1,0,0,0,1,0,1,0,1,0,0,0,0,0,0,0,0,0,0,0,1,1,1,0,1,0,0,0,0,0,0,0,1,0,0,1,0,0,1,0,0,1,0,0,0
8000,16000,岗位职责：1、负责公司产品web端、移动端应用设计与开发；2、参与产品的框架设计，并能制定相关的前端开发流程和规范，编写文档；3、追求用户体验，与ui设计师、后端开发人员紧密配合，完成产品的整体开发。任职要求：1、3年以上前端工作经验；2、有手机端h5应用开发经验，对解决手机端兼容性问题有丰富的经验；3、精通html5/css3/javascript等主流web前端技术；4、精通div+css布局的html代码编写，能够书写符合w3c标准的代码，并有严苛的编码风格和良好的编码习惯；5、精通jquery、bootstrip等主流的js框架和库及浏览器标准dom api，并能够对其特性和应用有深入的了解；6、熟悉ie、firefox、chome等浏览器的兼容性问题，并有可行的解决办法；7、熟悉切图，将ui设计转化为符合w3c规范的div+css静态页面，确保浏览器及平台的性能和兼容性；8、工作认真细致，独立分析、解决问题能力强，良好的沟通能力和团队合作精神。,0,0,0,0,0,1,0,1,1,1,1,0,0,0,0,1,0,1,1,0,1,1,1,1,1,0,0,0,0,0,0,0,0,0,0,0,1,0,0,0,0,0,0,1,1,0,0,0,1,1,0,0,0,0,0,0,0,0,0,1,1,1,1,0,0,1,1,1,0,0,1,0,0,0,1,0,0,0,1,1,1,0,1,0,0,1,0,0,0,1,0,1,0,0,1,0,0,0,1,0,0,1,0,0,1,0,1,1,0,0,0,0,0,0,0,1,0,0,0,0,0,0,0,0,1,0,0,0,0,0,0,0,0,0,1,0,0,0,0,1,1,1,1,1,0,1,1,0,0,1,0,1,0,1,0,0,0,1,1,0,0,1,0,0,0,0,0,1,1,0,1,1,1,0,1,0,0,0,0,1,1,0,0,0,0,1,0,0,0,0,1,0,1,0,0,0,1,0,0,1
10000,20000,"职位描述：岗位描述：开发和维护网站平台网页应用的前端部分1）与产品经理、交互设计师、视觉设计师协作完成页面制作；2）与后台开发工程师协作，完成各种数据交互、动态信息展现和用户的互动；3）维护及优化前端页面性能。岗位要求：1）精通 javascript，能够脱离类库编写实现各类功能的原生 javascript 代码；2）熟练使用各种 web 技术：html/css/json/xml,seo等，具备较强的英文阅读能力；3）熟悉各主流浏览器之间的兼容性问题及解决方案；4）深刻理解web标准，对可用性、可访问性等相关知识有实际的了解和实践经验；5）熟悉各种 web 优化技术并有过具体实践；6） 熟悉bootstrap，能够根据应用场景选择最优技术；7）对前端技术有持续的热情,个性乐观开朗,逻辑性强,善于和各种背景的人合作。加分项：1）chrome/firefox/opera/safari 扩展开发经验；2）html5/css3；3）移动设备 web 开发经验；4）美工基本功扎实，用户体验理解深刻。",0,0,0,0,0,1,1,1,1,0,0,0,0,0,0,0,1,1,1,0,1,1,1,0,1,1,0,0,0,0,0,0,0,0,0,0,0,0,0,0,0,0,0,0,0,0,0,0,0,1,0,0,1,0,0,0,0,0,0,0,1,0,1,0,1,0,1,0,0,0,0,0,1,0,1,1,1,0,1,1,1,0,0,0,1,0,1,1,1,1,1,0,0,1,0,0,0,0,1,0,1,1,0,1,0,0,1,0,0,0,0,0,0,0,1,1,1,0,0,0,1,0,1,0,0,0,1,0,0,0,0,0,0,0,1,1,0,0,0,0,0,1,1,0,0,0,0,0,1,1,0,1,0,1,0,0,1,0,1,0,0,1,0,1,1,1,1,1,1,0,0,0,1,1,0,0,0,0,1,1,1,1,0,0,0,0,1,0,1,0,0,0,1,0,0,0,1,0,0,0
12000,20000,"岗位职责：？？1、负责web端功能设计、开发和优化；？2、负责html、css、js开发，能根据需求快速搭建div+css前端页面；？3、进行项目的代码编写和开发工作；？4、负责公司web应用产品的产品维护以及更新升级。？？？？任职要求：？？1：计算机或相关专业专科以上学历，3年以上web前端开发经验；？2：具备web前端开发工作经验，有web及移动端项目开发经验；具备一定前端架构能力，有作品展示者优先；？？3：精通html5、 jquery、 javascript、 ajax、 css,、json；4：积累并完善web前端开发框架，javascript开发框架；？5：对于 web 前端技术有着强烈的兴趣；？？？？薪酬福利：具有市场竞争力的底薪，还提供加班费~各种激励政策，还有现金奖励哦！！ ？福利待遇：购买五险，享受带薪年假，大小周、每天8小时工作制；",1,0,0,0,0,0,0,1,0,1,0,0,0,0,0,0,0,1,1,0,1,1,1,1,1,1,0,0,0,0,0,0,0,0,0,0,1,0,0,0,0,0,0,1,0,0,0,0,0,1,0,0,0,1,0,0,1,0,1,0,0,0,0,0,0,0,1,1,1,0,1,1,1,0,0,0,0,0,0,0,0,0,0,0,0,1,1,1,0,0,0,0,0,0,0,0,0,0,0,0,0,1,0,0,0,0,0,0,0,0,0,1,0,0,0,0,0,0,0,0,0,0,0,0,0,0,0,0,1,0,0,0,1,0,0,1,0,0,0,0,0,0,0,0,0,0,0,0,0,0,0,1,0,1,0,0,0,0,1,0,0,1,0,1,0,0,0,1,0,0,0,0,0,0,0,1,1,0,0,1,0,0,0,0,0,1,0,1,0,0,0,0,0,1,0,0,1,1,0,0
6000,12000,工作职责：1、配合产品设计师完成前端应用的开发；2、优化、重构web和h5项目，提升浏览速度；3、用户体验和效果优化；4、前端功能组件开发。任职要求：1、2年以上web前端开发经验；2、精通html5+css3；扎实的javascript功底，熟练使用jquery？api；3、具有一定的前端架构能力，编写符合规范、稳定性强、易于维护的前端代码；4、熟悉前端模块化、组件化及mvc等开发思想，对前后端开发合作流程有深入了解；5、熟悉jquery？ligerui，及web前端主流框架、前端优化等web前端架构级技术；6、有一定界面设计能力，有成功作品优先录用。,0,0,0,0,0,0,0,1,1,0,0,0,0,0,0,1,0,1,1,0,1,1,1,1,0,0,0,0,1,1,0,0,0,0,0,0,1,0,0,0,0,0,0,1,1,0,0,0,0,1,0,0,0,1,0,0,0,0,0,0,1,0,1,0,0,0,1,1,0,0,1,1,1,0,1,1,0,0,0,0,0,0,0,0,0,1,1,0,0,1,0,1,0,0,0,0,0,0,1,0,0,0,0,0,0,0,0,0,0,0,0,0,1,0,1,0,1,0,0,0,0,0,0,0,0,0,0,0,0,0,0,0,1,0,0,0,1,1,0,0,1,1,0,1,0,0,0,0,0,1,1,0,0,0,0,0,0,0,1,0,1,1,0,1,0,0,0,1,0,0,0,1,0,0,0,0,0,0,0,1,1,0,0,0,0,0,0,0,0,0,1,1,0,0,0,0,0,1,0,0
12000,18000,岗位职责:1、负责公司产品前端页面的功能实现；2、负责原有产品的页面重构；3、其它涉及到前端的相关工作。任职资格:1、本科及以上学历，有扎实的javascript、html5、css3基础；2、熟悉mvc、mvvm等前端开发模型，有react开发经验；3、熟悉web构建工具gulp，熟悉webpack配置使用；4、对前端领域的新知识保持高度关注和学习热情；5、熟练使用sass、less、stylus等css预处理中一种；6、做过混合式开发，有nodejs native开发经验优先考虑。,0,0,0,0,0,0,0,1,1,0,0,1,0,0,1,0,0,1,1,0,1,1,1,0,1,0,0,1,1,1,0,1,1,1,0,0,0,1,0,0,1,0,0,0,0,1,0,0,0,1,1,0,0,0,1,0,0,0,0,0,0,0,0,0,0,0,0,1,1,0,1,1,0,0,0,1,0,0,0,0,0,0,0,0,0,1,1,0,0,0,0,0,0,0,0,1,1,1,0,0,1,1,0,0,0,0,0,0,0,0,0,0,0,0,0,0,1,0,0,0,0,0,0,0,0,0,0,0,0,0,1,1,0,0,0,0,0,0,0,0,0,0,0,0,0,0,0,0,0,0,0,1,0,0,0,0,0,0,0,0,0,1,0,0,0,0,0,0,0,0,0,0,0,0,0,0,0,0,0,0,0,0,0,0,0,1,0,0,0,0,0,1,0,0,0,0,1,0,1,0
8000,10000,"1、计算机或电子信息相关专业，大专以上学历，两年以上工作经验；2、熟练使用 react.js,redux, react-router开发业务系统；3、能运用chrome控制台进行代码断点调试、日志查看、网络请求查看及问题定位；4、能运用css/less/sass进行页面布局调优；5、熟练掌握es5/6/7语法进行开发；6、良好的沟通及协作能力。7、两年以上前端开发经验，半年以上react框架开发经验。",0,0,0,0,0,0,0,1,0,0,0,1,0,0,0,0,1,0,0,0,0,0,0,0,1,0,0,1,0,0,0,0,0,0,0,0,0,1,0,0,1,0,0,0,0,0,0,0,0,0,0,0,0,0,0,0,1,0,0,0,0,0,0,0,0,0,1,1,1,0,0,0,0,0,0,1,1,0,0,0,0,0,0,0,0,1,0,0,0,0,0,0,0,0,0,0,0,0,0,1,0,0,0,0,1,0,0,0,0,0,0,0,0,0,0,0,0,0,0,1,0,0,0,0,0,0,0,0,0,0,0,0,0,0,0,0,0,0,0,1,0,0,0,0,0,0,0,0,0,0,0,1,0,0,0,0,0,0,0,1,0,1,0,0,0,0,0,1,0,0,1,0,0,0,0,1,1,0,0,0,0,0,0,0,1,0,0,1,0,0,0,0,1,0,0,0,1,0,0,0